CREATE TABLE IF NOT EXISTS "aceite_registro_aceite" ("id" integer NOT NULL PRIMARY KEY AUTOINCREMENT, "cantidad_aceite" integer NOT NULL, "nombre" varchar(150) NOT NULL, "fecha" datetime NOT NULL, "estudiante_id" bigint NOT NULL REFERENCES "estudiante_estudiante" ("id") DEFERRABLE INITIALLY DEFERRED);
CREATE UNIQUE INDEX "django_content_type_app_label_model_76bd3d3b_uniq" ON "django_content_type" ("app_label", "model");
CREATE UNIQUE INDEX "auth_group_permissions_group_id_permission_id_0cd325b0_uniq" ON "auth_group_permissions" ("group_id", "permission_id");
CREATE INDEX IF NOT EXISTS "auth_group_permissions_group_id_b120cbf9" ON "auth_group_permissions" ("group_id");
CREATE INDEX IF NOT EXISTS "auth_group_permissions_permission_id_84c5c92e" ON "auth_group_permissions" ("permission_id");
CREATE UNIQUE INDEX "auth_permission_content_type_id_codename_01ab375a_uniq" ON "auth_permission" ("content_type_id", "codename");
CREATE INDEX IF NOT EXISTS "auth_permission_content_type_id_2f476e4b" ON "auth_permission" ("content_type_id");
CREATE INDEX IF NOT EXISTS "django_session_expire_date_a5c62663" ON "django_session" ("expire_date");
CREATE UNIQUE INDEX "usuario_user_groups_user_id_group_id_1b0807de_uniq" ON "usuario_user_groups" ("user_id", "group_id");
CREATE INDEX IF NOT EXISTS "usuario_user_groups_user_id_1df7a96d" ON "usuario_user_groups" ("user_id");
CREATE INDEX IF NOT EXISTS "usuario_user_groups_group_id_e313e18d" ON "usuario_user_groups" ("group_id");
CREATE UNIQUE INDEX "usuario_user_user_permissions_user_id_permission_id_d74a6945_uniq" ON "usuario_user_user_permissions" ("user_id", "permission_id");
CREATE INDEX IF NOT EXISTS "usuario_user_user_permissions_user_id_bfc8eb29" ON "usuario_user_user_permissions" ("user_id");
CREATE INDEX IF NOT EXISTS "usuario_user_user_permissions_permission_id_fae57acd" ON "usuario_user_user_permissions" ("permission_id");
CREATE INDEX IF NOT EXISTS "aceite_registro_aceite_estudiante_id_f9c7fe77" ON "aceite_registro_aceite" ("estudiante_id");
CREATE INDEX IF NOT EXISTS "django_admin_log_content_type_id_c4bce8eb" ON "django_admin_log" ("content_type_id");
CREATE INDEX IF NOT EXISTS "django_admin_log_user_id_c564eba6" ON "django_admin_log" ("user_id");
CREATE INDEX IF NOT EXISTS "django_cron_cronjoblog_code_48865653" ON "django_cron_cronjoblog" ("code");
CREATE INDEX IF NOT EXISTS "django_cron_cronjoblog_start_time_d68c0dd9" ON "django_cron_cronjoblog" ("start_time");
CREATE INDEX IF NOT EXISTS "django_cron_cronjoblog_end_time_7918602a" ON "django_cron_cronjoblog" ("end_time");
CREATE INDEX IF NOT EXISTS "django_cron_cronjoblog_ran_at_time_7fed2751" ON "django_cron_cronjoblog" ("ran_at_time");
CREATE INDEX IF NOT EXISTS "django_cron_cronjoblog_code_is_success_ran_at_time_84da9606_idx" ON "django_cron_cronjoblog" ("code", "is_success", "ran_at_time");
CREATE INDEX IF NOT EXISTS "django_cron_cronjoblog_code_start_time_ran_at_time_8b50b8fa_idx" ON "django_cron_cronjoblog" ("code", "start_time", "ran_at_time");
CREATE INDEX IF NOT EXISTS "django_cron_cronjoblog_code_start_time_4fc78f9d_idx" ON "django_cron_cronjoblog" ("code", "start_time");
CREATE INDEX IF NOT EXISTS "docente_docente_institucion_id_f716679f" ON "docente_docente" ("institucion_id");
CREATE INDEX IF NOT EXISTS "estudiante_estudiante_institucion_id_7a4d65a4" ON "estudiante_estudiante" ("institucion_id");
CREATE TABLE IF NOT EXISTS "auth_group" ("id" integer NOT NULL PRIMARY KEY AUTOINCREMENT, "name" varchar(150) NOT NULL UNIQUE);
INSERT INTO "auth_group" VALUES(1,'docentes');
INSERT INTO "auth_group" VALUES(2,'admin');
CREATE UNIQUE INDEX "django_content_type_app_label_model_76bd3d3b_uniq" ON "django_content_type" ("app_label", "model");
CREATE UNIQUE INDEX "auth_group_permissions_group_id_permission_id_0cd325b0_uniq" ON "auth_group_permissions" ("group_id", "permission_id");
CREATE INDEX IF NOT EXISTS "auth_group_permissions_group_id_b120cbf9" ON "auth_group_permissions" ("group_id");
CREATE INDEX IF NOT EXISTS "auth_group_permissions_permission_id_84c5c92e" ON "auth_group_permissions" ("permission_id");
CREATE UNIQUE INDEX "auth_permission_content_type_id_codename_01ab375a_uniq" ON "auth_permission" ("content_type_id", "codename");
CREATE INDEX IF NOT EXISTS "auth_permission_content_type_id_2f476e4b" ON "auth_permission" ("content_type_id");
CREATE INDEX IF NOT EXISTS "django_session_expire_date_a5c62663" ON "django_session" ("expire_date");
CREATE UNIQUE INDEX "usuario_user_groups_user_id_group_id_1b0807de_uniq" ON "usuario_user_groups" ("user_id", "group_id");
CREATE INDEX IF NOT EXISTS "usuario_user_groups_user_id_1df7a96d" ON "usuario_user_groups" ("user_id");
CREATE INDEX IF NOT EXISTS "usuario_user_groups_group_id_e313e18d" ON "usuario_user_groups" ("group_id");
CREATE UNIQUE INDEX "usuario_user_user_permissions_user_id_permission_id_d74a6945_uniq" ON "usuario_user_user_permissions" ("user_id", "permission_id");
CREATE INDEX IF NOT EXISTS "usuario_user_user_permissions_user_id_bfc8eb29" ON "usuario_user_user_permissions" ("user_id");
CREATE INDEX IF NOT EXISTS "usuario_user_user_permissions_permission_id_fae57acd" ON "usuario_user_user_permissions" ("permission_id");
CREATE INDEX IF NOT EXISTS "aceite_registro_aceite_estudiante_id_f9c7fe77" ON "aceite_registro_aceite" ("estudiante_id");
CREATE INDEX IF NOT EXISTS "django_admin_log_content_type_id_c4bce8eb" ON "django_admin_log" ("content_type_id");
CREATE INDEX IF NOT EXISTS "django_admin_log_user_id_c564eba6" ON "django_admin_log" ("user_id");
CREATE INDEX IF NOT EXISTS "django_cron_cronjoblog_code_48865653" ON "django_cron_cronjoblog" ("code");
CREATE INDEX IF NOT EXISTS "django_cron_cronjoblog_start_time_d68c0dd9" ON "django_cron_cronjoblog" ("start_time");
CREATE INDEX IF NOT EXISTS "django_cron_cronjoblog_end_time_7918602a" ON "django_cron_cronjoblog" ("end_time");
CREATE INDEX IF NOT EXISTS "django_cron_cronjoblog_ran_at_time_7fed2751" ON "django_cron_cronjoblog" ("ran_at_time");
CREATE INDEX IF NOT EXISTS "django_cron_cronjoblog_code_is_success_ran_at_time_84da9606_idx" ON "django_cron_cronjoblog" ("code", "is_success", "ran_at_time");
CREATE INDEX IF NOT EXISTS "django_cron_cronjoblog_code_start_time_ran_at_time_8b50b8fa_idx" ON "django_cron_cronjoblog" ("code", "start_time", "ran_at_time");
CREATE INDEX IF NOT EXISTS "django_cron_cronjoblog_code_start_time_4fc78f9d_idx" ON "django_cron_cronjoblog" ("code", "start_time");
CREATE INDEX IF NOT EXISTS "docente_docente_institucion_id_f716679f" ON "docente_docente" ("institucion_id");
CREATE INDEX IF NOT EXISTS "estudiante_estudiante_institucion_id_7a4d65a4" ON "estudiante_estudiante" ("institucion_id");
CREATE TABLE IF NOT EXISTS "auth_group_permissions" ("id" integer NOT NULL PRIMARY KEY AUTOINCREMENT, "group_id" integer NOT NULL REFERENCES "auth_group" ("id") DEFERRABLE INITIALLY DEFERRED, "permission_id" integer NOT NULL REFERENCES "auth_permission" ("id") DEFERRABLE INITIALLY DEFERRED);
INSERT INTO "auth_group_permissions" VALUES(1,1,32);
INSERT INTO "auth_group_permissions" VALUES(2,1,33);
INSERT INTO "auth_group_permissions" VALUES(3,1,34);
INSERT INTO "auth_group_permissions" VALUES(4,1,35);
INSERT INTO "auth_group_permissions" VALUES(5,1,36);
INSERT INTO "auth_group_permissions" VALUES(6,1,45);
INSERT INTO "auth_group_permissions" VALUES(7,1,46);
INSERT INTO "auth_group_permissions" VALUES(8,1,47);
INSERT INTO "auth_group_permissions" VALUES(9,1,48);
INSERT INTO "auth_group_permissions" VALUES(10,1,21);
INSERT INTO "auth_group_permissions" VALUES(11,1,22);
INSERT INTO "auth_group_permissions" VALUES(12,1,23);
INSERT INTO "auth_group_permissions" VALUES(13,1,24);
INSERT INTO "auth_group_permissions" VALUES(14,1,29);
INSERT INTO "auth_group_permissions" VALUES(15,1,30);
INSERT INTO "auth_group_permissions" VALUES(16,1,31);
INSERT INTO "auth_group_permissions" VALUES(17,2,5);
INSERT INTO "auth_group_permissions" VALUES(18,2,6);
INSERT INTO "auth_group_permissions" VALUES(19,2,7);
INSERT INTO "auth_group_permissions" VALUES(20,2,8);
INSERT INTO "auth_group_permissions" VALUES(21,2,9);
INSERT INTO "auth_group_permissions" VALUES(22,2,10);
INSERT INTO "auth_group_permissions" VALUES(23,2,11);
INSERT INTO "auth_group_permissions" VALUES(24,2,12);
INSERT INTO "auth_group_permissions" VALUES(25,2,21);
INSERT INTO "auth_group_permissions" VALUES(26,2,22);
INSERT INTO "auth_group_permissions" VALUES(27,2,23);
INSERT INTO "auth_group_permissions" VALUES(28,2,24);
INSERT INTO "auth_group_permissions" VALUES(29,2,25);
INSERT INTO "auth_group_permissions" VALUES(30,2,26);
INSERT INTO "auth_group_permissions" VALUES(31,2,27);
INSERT INTO "auth_group_permissions" VALUES(32,2,28);
INSERT INTO "auth_group_permissions" VALUES(33,2,29);
INSERT INTO "auth_group_permissions" VALUES(34,2,30);
INSERT INTO "auth_group_permissions" VALUES(35,2,31);
INSERT INTO "auth_group_permissions" VALUES(36,2,32);
INSERT INTO "auth_group_permissions" VALUES(37,2,33);
INSERT INTO "auth_group_permissions" VALUES(38,2,34);
INSERT INTO "auth_group_permissions" VALUES(39,2,35);
INSERT INTO "auth_group_permissions" VALUES(40,2,36);
INSERT INTO "auth_group_permissions" VALUES(41,2,41);
INSERT INTO "auth_group_permissions" VALUES(42,2,42);
INSERT INTO "auth_group_permissions" VALUES(43,2,43);
INSERT INTO "auth_group_permissions" VALUES(44,2,44);
INSERT INTO "auth_group_permissions" VALUES(45,2,45);
INSERT INTO "auth_group_permissions" VALUES(46,2,46);
INSERT INTO "auth_group_permissions" VALUES(47,2,47);
INSERT INTO "auth_group_permissions" VALUES(48,2,48);
INSERT INTO "auth_group_permissions" VALUES(49,2,49);
INSERT INTO "auth_group_permissions" VALUES(50,2,50);
INSERT INTO "auth_group_permissions" VALUES(51,2,51);
INSERT INTO "auth_group_permissions" VALUES(52,2,52);
CREATE UNIQUE INDEX "django_content_type_app_label_model_76bd3d3b_uniq" ON "django_content_type" ("app_label", "model");
CREATE UNIQUE INDEX "auth_group_permissions_group_id_permission_id_0cd325b0_uniq" ON "auth_group_permissions" ("group_id", "permission_id");
CREATE INDEX IF NOT EXISTS "auth_group_permissions_group_id_b120cbf9" ON "auth_group_permissions" ("group_id");
CREATE INDEX IF NOT EXISTS "auth_group_permissions_permission_id_84c5c92e" ON "auth_group_permissions" ("permission_id");
CREATE UNIQUE INDEX "auth_permission_content_type_id_codename_01ab375a_uniq" ON "auth_permission" ("content_type_id", "codename");
CREATE INDEX IF NOT EXISTS "auth_permission_content_type_id_2f476e4b" ON "auth_permission" ("content_type_id");
CREATE INDEX IF NOT EXISTS "django_session_expire_date_a5c62663" ON "django_session" ("expire_date");
CREATE UNIQUE INDEX "usuario_user_groups_user_id_group_id_1b0807de_uniq" ON "usuario_user_groups" ("user_id", "group_id");
CREATE INDEX IF NOT EXISTS "usuario_user_groups_user_id_1df7a96d" ON "usuario_user_groups" ("user_id");
CREATE INDEX IF NOT EXISTS "usuario_user_groups_group_id_e313e18d" ON "usuario_user_groups" ("group_id");
CREATE UNIQUE INDEX "usuario_user_user_permissions_user_id_permission_id_d74a6945_uniq" ON "usuario_user_user_permissions" ("user_id", "permission_id");
CREATE INDEX IF NOT EXISTS "usuario_user_user_permissions_user_id_bfc8eb29" ON "usuario_user_user_permissions" ("user_id");
CREATE INDEX IF NOT EXISTS "usuario_user_user_permissions_permission_id_fae57acd" ON "usuario_user_user_permissions" ("permission_id");
CREATE INDEX IF NOT EXISTS "aceite_registro_aceite_estudiante_id_f9c7fe77" ON "aceite_registro_aceite" ("estudiante_id");
CREATE INDEX IF NOT EXISTS "django_admin_log_content_type_id_c4bce8eb" ON "django_admin_log" ("content_type_id");
CREATE INDEX IF NOT EXISTS "django_admin_log_user_id_c564eba6" ON "django_admin_log" ("user_id");
CREATE INDEX IF NOT EXISTS "django_cron_cronjoblog_code_48865653" ON "django_cron_cronjoblog" ("code");
CREATE INDEX IF NOT EXISTS "django_cron_cronjoblog_start_time_d68c0dd9" ON "django_cron_cronjoblog" ("start_time");
CREATE INDEX IF NOT EXISTS "django_cron_cronjoblog_end_time_7918602a" ON "django_cron_cronjoblog" ("end_time");
CREATE INDEX IF NOT EXISTS "django_cron_cronjoblog_ran_at_time_7fed2751" ON "django_cron_cronjoblog" ("ran_at_time");
CREATE INDEX IF NOT EXISTS "django_cron_cronjoblog_code_is_success_ran_at_time_84da9606_idx" ON "django_cron_cronjoblog" ("code", "is_success", "ran_at_time");
CREATE INDEX IF NOT EXISTS "django_cron_cronjoblog_code_start_time_ran_at_time_8b50b8fa_idx" ON "django_cron_cronjoblog" ("code", "start_time", "ran_at_time");
CREATE INDEX IF NOT EXISTS "django_cron_cronjoblog_code_start_time_4fc78f9d_idx" ON "django_cron_cronjoblog" ("code", "start_time");
CREATE INDEX IF NOT EXISTS "docente_docente_institucion_id_f716679f" ON "docente_docente" ("institucion_id");
CREATE INDEX IF NOT EXISTS "estudiante_estudiante_institucion_id_7a4d65a4" ON "estudiante_estudiante" ("institucion_id");
CREATE TABLE IF NOT EXISTS "auth_permission" ("id" integer NOT NULL PRIMARY KEY AUTOINCREMENT, "content_type_id" integer NOT NULL REFERENCES "django_content_type" ("id") DEFERRABLE INITIALLY DEFERRED, "codename" varchar(100) NOT NULL, "name" varchar(255) NOT NULL);
INSERT INTO "auth_permission" VALUES(1,1,'add_logentry','Can add log entry');
INSERT INTO "auth_permission" VALUES(2,1,'change_logentry','Can change log entry');
INSERT INTO "auth_permission" VALUES(3,1,'delete_logentry','Can delete log entry');
INSERT INTO "auth_permission" VALUES(4,1,'view_logentry','Can view log entry');
INSERT INTO "auth_permission" VALUES(5,2,'add_permission','Can add permission');
INSERT INTO "auth_permission" VALUES(6,2,'change_permission','Can change permission');
INSERT INTO "auth_permission" VALUES(7,2,'delete_permission','Can delete permission');
INSERT INTO "auth_permission" VALUES(8,2,'view_permission','Can view permission');
INSERT INTO "auth_permission" VALUES(9,3,'add_group','Can add group');
INSERT INTO "auth_permission" VALUES(10,3,'change_group','Can change group');
INSERT INTO "auth_permission" VALUES(11,3,'delete_group','Can delete group');
INSERT INTO "auth_permission" VALUES(12,3,'view_group','Can view group');
INSERT INTO "auth_permission" VALUES(13,4,'add_contenttype','Can add content type');
INSERT INTO "auth_permission" VALUES(14,4,'change_contenttype','Can change content type');
INSERT INTO "auth_permission" VALUES(15,4,'delete_contenttype','Can delete content type');
INSERT INTO "auth_permission" VALUES(16,4,'view_contenttype','Can view content type');
INSERT INTO "auth_permission" VALUES(17,5,'add_session','Can add session');
INSERT INTO "auth_permission" VALUES(18,5,'change_session','Can change session');
INSERT INTO "auth_permission" VALUES(19,5,'delete_session','Can delete session');
INSERT INTO "auth_permission" VALUES(20,5,'view_session','Can view session');
INSERT INTO "auth_permission" VALUES(21,6,'add_user','Can add Usuario');
INSERT INTO "auth_permission" VALUES(22,6,'change_user','Can change Usuario');
INSERT INTO "auth_permission" VALUES(23,6,'delete_user','Can delete Usuario');
INSERT INTO "auth_permission" VALUES(24,6,'view_user','Can view Usuario');
INSERT INTO "auth_permission" VALUES(25,7,'add_institucion','Can add Institucion');
INSERT INTO "auth_permission" VALUES(26,7,'change_institucion','Can change Institucion');
INSERT INTO "auth_permission" VALUES(27,7,'delete_institucion','Can delete Institucion');
INSERT INTO "auth_permission" VALUES(28,7,'view_institucion','Can view Institucion');
INSERT INTO "auth_permission" VALUES(29,8,'add_estudiante','Can add Estudiante');
INSERT INTO "auth_permission" VALUES(30,8,'change_estudiante','Can change Estudiante');
INSERT INTO "auth_permission" VALUES(31,8,'delete_estudiante','Can delete Estudiante');
INSERT INTO "auth_permission" VALUES(32,8,'view_estudiante','Can view Estudiante');
INSERT INTO "auth_permission" VALUES(33,9,'add_registro_aceite','Can add registro_aceite');
INSERT INTO "auth_permission" VALUES(34,9,'change_registro_aceite','Can change registro_aceite');
INSERT INTO "auth_permission" VALUES(35,9,'delete_registro_aceite','Can delete registro_aceite');
INSERT INTO "auth_permission" VALUES(36,9,'view_registro_aceite','Can view registro_aceite');
INSERT INTO "auth_permission" VALUES(37,10,'add_cronjoblog','Can add cron job log');
INSERT INTO "auth_permission" VALUES(38,10,'change_cronjoblog','Can change cron job log');
INSERT INTO "auth_permission" VALUES(39,10,'delete_cronjoblog','Can delete cron job log');
INSERT INTO "auth_permission" VALUES(40,10,'view_cronjoblog','Can view cron job log');
INSERT INTO "auth_permission" VALUES(41,11,'add_institucion','Can add institucion');
INSERT INTO "auth_permission" VALUES(42,11,'change_institucion','Can change institucion');
INSERT INTO "auth_permission" VALUES(43,11,'delete_institucion','Can delete institucion');
INSERT INTO "auth_permission" VALUES(44,11,'view_institucion','Can view institucion');
INSERT INTO "auth_permission" VALUES(45,12,'add_estudiante','Can add estudiante');
INSERT INTO "auth_permission" VALUES(46,12,'change_estudiante','Can change estudiante');
INSERT INTO "auth_permission" VALUES(47,12,'delete_estudiante','Can delete estudiante');
INSERT INTO "auth_permission" VALUES(48,12,'view_estudiante','Can view estudiante');
INSERT INTO "auth_permission" VALUES(49,13,'add_docente','Can add Docente');
INSERT INTO "auth_permission" VALUES(50,13,'change_docente','Can change Docente');
INSERT INTO "auth_permission" VALUES(51,13,'delete_docente','Can delete Docente');
INSERT INTO "auth_permission" VALUES(52,13,'view_docente','Can view Docente');
CREATE UNIQUE INDEX "django_content_type_app_label_model_76bd3d3b_uniq" ON "django_content_type" ("app_label", "model");
CREATE UNIQUE INDEX "auth_group_permissions_group_id_permission_id_0cd325b0_uniq" ON "auth_group_permissions" ("group_id", "permission_id");
CREATE INDEX IF NOT EXISTS "auth_group_permissions_group_id_b120cbf9" ON "auth_group_permissions" ("group_id");
CREATE INDEX IF NOT EXISTS "auth_group_permissions_permission_id_84c5c92e" ON "auth_group_permissions" ("permission_id");
CREATE UNIQUE INDEX "auth_permission_content_type_id_codename_01ab375a_uniq" ON "auth_permission" ("content_type_id", "codename");
CREATE INDEX IF NOT EXISTS "auth_permission_content_type_id_2f476e4b" ON "auth_permission" ("content_type_id");
CREATE INDEX IF NOT EXISTS "django_session_expire_date_a5c62663" ON "django_session" ("expire_date");
CREATE UNIQUE INDEX "usuario_user_groups_user_id_group_id_1b0807de_uniq" ON "usuario_user_groups" ("user_id", "group_id");
CREATE INDEX IF NOT EXISTS "usuario_user_groups_user_id_1df7a96d" ON "usuario_user_groups" ("user_id");
CREATE INDEX IF NOT EXISTS "usuario_user_groups_group_id_e313e18d" ON "usuario_user_groups" ("group_id");
CREATE UNIQUE INDEX "usuario_user_user_permissions_user_id_permission_id_d74a6945_uniq" ON "usuario_user_user_permissions" ("user_id", "permission_id");
CREATE INDEX IF NOT EXISTS "usuario_user_user_permissions_user_id_bfc8eb29" ON "usuario_user_user_permissions" ("user_id");
CREATE INDEX IF NOT EXISTS "usuario_user_user_permissions_permission_id_fae57acd" ON "usuario_user_user_permissions" ("permission_id");
CREATE INDEX IF NOT EXISTS "aceite_registro_aceite_estudiante_id_f9c7fe77" ON "aceite_registro_aceite" ("estudiante_id");
CREATE INDEX IF NOT EXISTS "django_admin_log_content_type_id_c4bce8eb" ON "django_admin_log" ("content_type_id");
CREATE INDEX IF NOT EXISTS "django_admin_log_user_id_c564eba6" ON "django_admin_log" ("user_id");
CREATE INDEX IF NOT EXISTS "django_cron_cronjoblog_code_48865653" ON "django_cron_cronjoblog" ("code");
CREATE INDEX IF NOT EXISTS "django_cron_cronjoblog_start_time_d68c0dd9" ON "django_cron_cronjoblog" ("start_time");
CREATE INDEX IF NOT EXISTS "django_cron_cronjoblog_end_time_7918602a" ON "django_cron_cronjoblog" ("end_time");
CREATE INDEX IF NOT EXISTS "django_cron_cronjoblog_ran_at_time_7fed2751" ON "django_cron_cronjoblog" ("ran_at_time");
CREATE INDEX IF NOT EXISTS "django_cron_cronjoblog_code_is_success_ran_at_time_84da9606_idx" ON "django_cron_cronjoblog" ("code", "is_success", "ran_at_time");
CREATE INDEX IF NOT EXISTS "django_cron_cronjoblog_code_start_time_ran_at_time_8b50b8fa_idx" ON "django_cron_cronjoblog" ("code", "start_time", "ran_at_time");
CREATE INDEX IF NOT EXISTS "django_cron_cronjoblog_code_start_time_4fc78f9d_idx" ON "django_cron_cronjoblog" ("code", "start_time");
CREATE INDEX IF NOT EXISTS "docente_docente_institucion_id_f716679f" ON "docente_docente" ("institucion_id");
CREATE INDEX IF NOT EXISTS "estudiante_estudiante_institucion_id_7a4d65a4" ON "estudiante_estudiante" ("institucion_id");
CREATE TABLE IF NOT EXISTS "django_admin_log" ("id" integer NOT NULL PRIMARY KEY AUTOINCREMENT, "action_time" datetime NOT NULL, "object_id" text NULL, "object_repr" varchar(200) NOT NULL, "change_message" text NOT NULL, "content_type_id" integer NULL REFERENCES "django_content_type" ("id") DEFERRABLE INITIALLY DEFERRED, "user_id" bigint NOT NULL REFERENCES "usuario_user" ("id") DEFERRABLE INITIALLY DEFERRED, "action_flag" smallint unsigned NOT NULL CHECK ("action_flag" >= 0));
INSERT INTO "django_admin_log" VALUES(1,'2021-10-07 01:45:22.397577','1','docentes','[{"added": {}}]',3,1,1);
INSERT INTO "django_admin_log" VALUES(2,'2021-10-07 01:46:02.336727','2','admin','[{"added": {}}]',3,1,1);
INSERT INTO "django_admin_log" VALUES(3,'2021-10-07 01:47:51.305748','1','Institucion object (1)','[{"added": {}}]',7,1,1);
INSERT INTO "django_admin_log" VALUES(4,'2021-10-07 01:47:57.863793','2','Institucion object (2)','[{"added": {}}]',7,1,1);
INSERT INTO "django_admin_log" VALUES(5,'2021-10-07 01:48:39.672528','3','Institucion object (3)','[{"added": {}}]',7,1,1);
INSERT INTO "django_admin_log" VALUES(6,'2021-10-07 01:48:57.831758','4','Institucion object (4)','[{"added": {}}]',7,1,1);
INSERT INTO "django_admin_log" VALUES(7,'2021-10-07 01:53:31.512416','2','dgomezc10','',6,1,3);
INSERT INTO "django_admin_log" VALUES(8,'2021-10-07 01:55:12.283215','3','dgomezc10','',6,1,3);
INSERT INTO "django_admin_log" VALUES(9,'2021-10-07 01:56:41.361081','4','dgomezc10','[{"changed": {"fields": ["User permissions"]}}]',6,1,2);
INSERT INTO "django_admin_log" VALUES(10,'2021-10-07 01:56:46.468159','1','admin','[{"changed": {"fields": ["Groups"]}}]',6,1,2);
INSERT INTO "django_admin_log" VALUES(11,'2021-10-07 01:57:33.502115','4','dgomezc10','[{"changed": {"fields": ["User permissions"]}}]',6,1,2);
INSERT INTO "django_admin_log" VALUES(12,'2021-10-07 01:57:41.551427','4','dgomezc10','[{"changed": {"fields": ["User permissions"]}}]',6,1,2);
INSERT INTO "django_admin_log" VALUES(13,'2021-10-07 01:57:58.915795','4','dgomezc10','[]',6,1,2);
INSERT INTO "django_admin_log" VALUES(14,'2021-10-07 01:58:04.700746','1','admin','[]',6,1,2);
INSERT INTO "django_admin_log" VALUES(15,'2021-10-07 02:00:13.573408','1','admin','[{"changed": {"fields": ["Admin proyecto"]}}]',6,1,2);
CREATE UNIQUE INDEX "django_content_type_app_label_model_76bd3d3b_uniq" ON "django_content_type" ("app_label", "model");
CREATE UNIQUE INDEX "auth_group_permissions_group_id_permission_id_0cd325b0_uniq" ON "auth_group_permissions" ("group_id", "permission_id");
CREATE INDEX IF NOT EXISTS "auth_group_permissions_group_id_b120cbf9" ON "auth_group_permissions" ("group_id");
CREATE INDEX IF NOT EXISTS "auth_group_permissions_permission_id_84c5c92e" ON "auth_group_permissions" ("permission_id");
CREATE UNIQUE INDEX "auth_permission_content_type_id_codename_01ab375a_uniq" ON "auth_permission" ("content_type_id", "codename");
CREATE INDEX IF NOT EXISTS "auth_permission_content_type_id_2f476e4b" ON "auth_permission" ("content_type_id");
CREATE INDEX IF NOT EXISTS "django_session_expire_date_a5c62663" ON "django_session" ("expire_date");
CREATE UNIQUE INDEX "usuario_user_groups_user_id_group_id_1b0807de_uniq" ON "usuario_user_groups" ("user_id", "group_id");
CREATE INDEX IF NOT EXISTS "usuario_user_groups_user_id_1df7a96d" ON "usuario_user_groups" ("user_id");
CREATE INDEX IF NOT EXISTS "usuario_user_groups_group_id_e313e18d" ON "usuario_user_groups" ("group_id");
CREATE UNIQUE INDEX "usuario_user_user_permissions_user_id_permission_id_d74a6945_uniq" ON "usuario_user_user_permissions" ("user_id", "permission_id");
CREATE INDEX IF NOT EXISTS "usuario_user_user_permissions_user_id_bfc8eb29" ON "usuario_user_user_permissions" ("user_id");
CREATE INDEX IF NOT EXISTS "usuario_user_user_permissions_permission_id_fae57acd" ON "usuario_user_user_permissions" ("permission_id");
CREATE INDEX IF NOT EXISTS "aceite_registro_aceite_estudiante_id_f9c7fe77" ON "aceite_registro_aceite" ("estudiante_id");
CREATE INDEX IF NOT EXISTS "django_admin_log_content_type_id_c4bce8eb" ON "django_admin_log" ("content_type_id");
CREATE INDEX IF NOT EXISTS "django_admin_log_user_id_c564eba6" ON "django_admin_log" ("user_id");
CREATE INDEX IF NOT EXISTS "django_cron_cronjoblog_code_48865653" ON "django_cron_cronjoblog" ("code");
CREATE INDEX IF NOT EXISTS "django_cron_cronjoblog_start_time_d68c0dd9" ON "django_cron_cronjoblog" ("start_time");
CREATE INDEX IF NOT EXISTS "django_cron_cronjoblog_end_time_7918602a" ON "django_cron_cronjoblog" ("end_time");
CREATE INDEX IF NOT EXISTS "django_cron_cronjoblog_ran_at_time_7fed2751" ON "django_cron_cronjoblog" ("ran_at_time");
CREATE INDEX IF NOT EXISTS "django_cron_cronjoblog_code_is_success_ran_at_time_84da9606_idx" ON "django_cron_cronjoblog" ("code", "is_success", "ran_at_time");
CREATE INDEX IF NOT EXISTS "django_cron_cronjoblog_code_start_time_ran_at_time_8b50b8fa_idx" ON "django_cron_cronjoblog" ("code", "start_time", "ran_at_time");
CREATE INDEX IF NOT EXISTS "django_cron_cronjoblog_code_start_time_4fc78f9d_idx" ON "django_cron_cronjoblog" ("code", "start_time");
CREATE INDEX IF NOT EXISTS "docente_docente_institucion_id_f716679f" ON "docente_docente" ("institucion_id");
CREATE INDEX IF NOT EXISTS "estudiante_estudiante_institucion_id_7a4d65a4" ON "estudiante_estudiante" ("institucion_id");
CREATE TABLE IF NOT EXISTS "django_content_type" ("id" integer NOT NULL PRIMARY KEY AUTOINCREMENT, "app_label" varchar(100) NOT NULL, "model" varchar(100) NOT NULL);
INSERT INTO "django_content_type" VALUES(1,'admin','logentry');
INSERT INTO "django_content_type" VALUES(2,'auth','permission');
INSERT INTO "django_content_type" VALUES(3,'auth','group');
INSERT INTO "django_content_type" VALUES(4,'contenttypes','contenttype');
INSERT INTO "django_content_type" VALUES(5,'sessions','session');
INSERT INTO "django_content_type" VALUES(6,'usuario','user');
INSERT INTO "django_content_type" VALUES(7,'instituciones','institucion');
INSERT INTO "django_content_type" VALUES(8,'estudiante','estudiante');
INSERT INTO "django_content_type" VALUES(9,'aceite','registro_aceite');
INSERT INTO "django_content_type" VALUES(10,'django_cron','cronjoblog');
INSERT INTO "django_content_type" VALUES(11,'usuario','institucion');
INSERT INTO "django_content_type" VALUES(12,'usuario','estudiante');
INSERT INTO "django_content_type" VALUES(13,'docente','docente');
CREATE UNIQUE INDEX "django_content_type_app_label_model_76bd3d3b_uniq" ON "django_content_type" ("app_label", "model");
CREATE UNIQUE INDEX "auth_group_permissions_group_id_permission_id_0cd325b0_uniq" ON "auth_group_permissions" ("group_id", "permission_id");
CREATE INDEX IF NOT EXISTS "auth_group_permissions_group_id_b120cbf9" ON "auth_group_permissions" ("group_id");
CREATE INDEX IF NOT EXISTS "auth_group_permissions_permission_id_84c5c92e" ON "auth_group_permissions" ("permission_id");
CREATE UNIQUE INDEX "auth_permission_content_type_id_codename_01ab375a_uniq" ON "auth_permission" ("content_type_id", "codename");
CREATE INDEX IF NOT EXISTS "auth_permission_content_type_id_2f476e4b" ON "auth_permission" ("content_type_id");
CREATE INDEX IF NOT EXISTS "django_session_expire_date_a5c62663" ON "django_session" ("expire_date");
CREATE UNIQUE INDEX "usuario_user_groups_user_id_group_id_1b0807de_uniq" ON "usuario_user_groups" ("user_id", "group_id");
CREATE INDEX IF NOT EXISTS "usuario_user_groups_user_id_1df7a96d" ON "usuario_user_groups" ("user_id");
CREATE INDEX IF NOT EXISTS "usuario_user_groups_group_id_e313e18d" ON "usuario_user_groups" ("group_id");
CREATE UNIQUE INDEX "usuario_user_user_permissions_user_id_permission_id_d74a6945_uniq" ON "usuario_user_user_permissions" ("user_id", "permission_id");
CREATE INDEX IF NOT EXISTS "usuario_user_user_permissions_user_id_bfc8eb29" ON "usuario_user_user_permissions" ("user_id");
CREATE INDEX IF NOT EXISTS "usuario_user_user_permissions_permission_id_fae57acd" ON "usuario_user_user_permissions" ("permission_id");
CREATE INDEX IF NOT EXISTS "aceite_registro_aceite_estudiante_id_f9c7fe77" ON "aceite_registro_aceite" ("estudiante_id");
CREATE INDEX IF NOT EXISTS "django_admin_log_content_type_id_c4bce8eb" ON "django_admin_log" ("content_type_id");
CREATE INDEX IF NOT EXISTS "django_admin_log_user_id_c564eba6" ON "django_admin_log" ("user_id");
CREATE INDEX IF NOT EXISTS "django_cron_cronjoblog_code_48865653" ON "django_cron_cronjoblog" ("code");
CREATE INDEX IF NOT EXISTS "django_cron_cronjoblog_start_time_d68c0dd9" ON "django_cron_cronjoblog" ("start_time");
CREATE INDEX IF NOT EXISTS "django_cron_cronjoblog_end_time_7918602a" ON "django_cron_cronjoblog" ("end_time");
CREATE INDEX IF NOT EXISTS "django_cron_cronjoblog_ran_at_time_7fed2751" ON "django_cron_cronjoblog" ("ran_at_time");
CREATE INDEX IF NOT EXISTS "django_cron_cronjoblog_code_is_success_ran_at_time_84da9606_idx" ON "django_cron_cronjoblog" ("code", "is_success", "ran_at_time");
CREATE INDEX IF NOT EXISTS "django_cron_cronjoblog_code_start_time_ran_at_time_8b50b8fa_idx" ON "django_cron_cronjoblog" ("code", "start_time", "ran_at_time");
CREATE INDEX IF NOT EXISTS "django_cron_cronjoblog_code_start_time_4fc78f9d_idx" ON "django_cron_cronjoblog" ("code", "start_time");
CREATE INDEX IF NOT EXISTS "docente_docente_institucion_id_f716679f" ON "docente_docente" ("institucion_id");
CREATE INDEX IF NOT EXISTS "estudiante_estudiante_institucion_id_7a4d65a4" ON "estudiante_estudiante" ("institucion_id");
CREATE TABLE IF NOT EXISTS "django_cron_cronjoblog" ("id" integer NOT NULL PRIMARY KEY AUTOINCREMENT, "code" varchar(64) NOT NULL, "start_time" datetime NOT NULL, "end_time" datetime NOT NULL, "is_success" bool NOT NULL, "message" text NOT NULL, "ran_at_time" time NULL);
INSERT INTO "django_cron_cronjoblog" VALUES(1,'my_app.Backup','2021-10-07 01:58:43.026096','2021-10-07 01:58:43.045097',1,'',NULL);
INSERT INTO "django_cron_cronjoblog" VALUES(2,'my_app.Backup','2021-10-07 02:28:27.837927','2021-10-07 02:28:27.855814',1,'',NULL);
CREATE UNIQUE INDEX "django_content_type_app_label_model_76bd3d3b_uniq" ON "django_content_type" ("app_label", "model");
CREATE UNIQUE INDEX "auth_group_permissions_group_id_permission_id_0cd325b0_uniq" ON "auth_group_permissions" ("group_id", "permission_id");
CREATE INDEX IF NOT EXISTS "auth_group_permissions_group_id_b120cbf9" ON "auth_group_permissions" ("group_id");
CREATE INDEX IF NOT EXISTS "auth_group_permissions_permission_id_84c5c92e" ON "auth_group_permissions" ("permission_id");
CREATE UNIQUE INDEX "auth_permission_content_type_id_codename_01ab375a_uniq" ON "auth_permission" ("content_type_id", "codename");
CREATE INDEX IF NOT EXISTS "auth_permission_content_type_id_2f476e4b" ON "auth_permission" ("content_type_id");
CREATE INDEX IF NOT EXISTS "django_session_expire_date_a5c62663" ON "django_session" ("expire_date");
CREATE UNIQUE INDEX "usuario_user_groups_user_id_group_id_1b0807de_uniq" ON "usuario_user_groups" ("user_id", "group_id");
CREATE INDEX IF NOT EXISTS "usuario_user_groups_user_id_1df7a96d" ON "usuario_user_groups" ("user_id");
CREATE INDEX IF NOT EXISTS "usuario_user_groups_group_id_e313e18d" ON "usuario_user_groups" ("group_id");
CREATE UNIQUE INDEX "usuario_user_user_permissions_user_id_permission_id_d74a6945_uniq" ON "usuario_user_user_permissions" ("user_id", "permission_id");
CREATE INDEX IF NOT EXISTS "usuario_user_user_permissions_user_id_bfc8eb29" ON "usuario_user_user_permissions" ("user_id");
CREATE INDEX IF NOT EXISTS "usuario_user_user_permissions_permission_id_fae57acd" ON "usuario_user_user_permissions" ("permission_id");
CREATE INDEX IF NOT EXISTS "aceite_registro_aceite_estudiante_id_f9c7fe77" ON "aceite_registro_aceite" ("estudiante_id");
CREATE INDEX IF NOT EXISTS "django_admin_log_content_type_id_c4bce8eb" ON "django_admin_log" ("content_type_id");
CREATE INDEX IF NOT EXISTS "django_admin_log_user_id_c564eba6" ON "django_admin_log" ("user_id");
CREATE INDEX IF NOT EXISTS "django_cron_cronjoblog_code_48865653" ON "django_cron_cronjoblog" ("code");
CREATE INDEX IF NOT EXISTS "django_cron_cronjoblog_start_time_d68c0dd9" ON "django_cron_cronjoblog" ("start_time");
CREATE INDEX IF NOT EXISTS "django_cron_cronjoblog_end_time_7918602a" ON "django_cron_cronjoblog" ("end_time");
CREATE INDEX IF NOT EXISTS "django_cron_cronjoblog_ran_at_time_7fed2751" ON "django_cron_cronjoblog" ("ran_at_time");
CREATE INDEX IF NOT EXISTS "django_cron_cronjoblog_code_is_success_ran_at_time_84da9606_idx" ON "django_cron_cronjoblog" ("code", "is_success", "ran_at_time");
CREATE INDEX IF NOT EXISTS "django_cron_cronjoblog_code_start_time_ran_at_time_8b50b8fa_idx" ON "django_cron_cronjoblog" ("code", "start_time", "ran_at_time");
CREATE INDEX IF NOT EXISTS "django_cron_cronjoblog_code_start_time_4fc78f9d_idx" ON "django_cron_cronjoblog" ("code", "start_time");
CREATE INDEX IF NOT EXISTS "docente_docente_institucion_id_f716679f" ON "docente_docente" ("institucion_id");
CREATE INDEX IF NOT EXISTS "estudiante_estudiante_institucion_id_7a4d65a4" ON "estudiante_estudiante" ("institucion_id");
CREATE TABLE IF NOT EXISTS "django_migrations" ("id" integer NOT NULL PRIMARY KEY AUTOINCREMENT, "app" varchar(255) NOT NULL, "name" varchar(255) NOT NULL, "applied" datetime NOT NULL);
INSERT INTO "django_migrations" VALUES(1,'contenttypes','0001_initial','2021-08-28 22:45:45.822737');
INSERT INTO "django_migrations" VALUES(2,'contenttypes','0002_remove_content_type_name','2021-08-28 22:45:45.843742');
INSERT INTO "django_migrations" VALUES(3,'auth','0001_initial','2021-08-28 22:45:45.872748');
INSERT INTO "django_migrations" VALUES(4,'auth','0002_alter_permission_name_max_length','2021-08-28 22:45:45.880750');
INSERT INTO "django_migrations" VALUES(5,'auth','0003_alter_user_email_max_length','2021-08-28 22:45:45.887751');
INSERT INTO "django_migrations" VALUES(6,'auth','0004_alter_user_username_opts','2021-08-28 22:45:45.898754');
INSERT INTO "django_migrations" VALUES(7,'auth','0005_alter_user_last_login_null','2021-08-28 22:45:45.904755');
INSERT INTO "django_migrations" VALUES(8,'auth','0006_require_contenttypes_0002','2021-08-28 22:45:45.913757');
INSERT INTO "django_migrations" VALUES(9,'auth','0007_alter_validators_add_error_messages','2021-08-28 22:45:45.924759');
INSERT INTO "django_migrations" VALUES(10,'auth','0008_alter_user_username_max_length','2021-08-28 22:45:45.935762');
INSERT INTO "django_migrations" VALUES(11,'auth','0009_alter_user_last_name_max_length','2021-08-28 22:45:45.947765');
INSERT INTO "django_migrations" VALUES(12,'auth','0010_alter_group_name_max_length','2021-08-28 22:45:45.954767');
INSERT INTO "django_migrations" VALUES(13,'auth','0011_update_proxy_permissions','2021-08-28 22:45:45.964769');
INSERT INTO "django_migrations" VALUES(14,'auth','0012_alter_user_first_name_max_length','2021-08-28 22:45:45.978772');
INSERT INTO "django_migrations" VALUES(19,'sessions','0001_initial','2021-08-28 22:45:46.151810');
INSERT INTO "django_migrations" VALUES(32,'django_cron','0001_initial','2021-09-12 20:52:02.099102');
INSERT INTO "django_migrations" VALUES(33,'django_cron','0002_remove_max_length_from_CronJobLog_message','2021-09-12 20:52:02.111104');
INSERT INTO "django_migrations" VALUES(34,'usuario','0001_initial','2021-10-07 01:00:31.989507');
INSERT INTO "django_migrations" VALUES(35,'estudiante','0001_initial','2021-10-07 01:00:32.001507');
INSERT INTO "django_migrations" VALUES(36,'estudiante','0002_alter_estudiante_barrio','2021-10-07 01:00:32.014507');
INSERT INTO "django_migrations" VALUES(37,'estudiante','0003_alter_estudiante_options','2021-10-07 01:00:32.021508');
INSERT INTO "django_migrations" VALUES(38,'aceite','0001_initial','2021-10-07 01:00:32.034508');
INSERT INTO "django_migrations" VALUES(39,'admin','0001_initial','2021-10-07 01:00:32.047507');
INSERT INTO "django_migrations" VALUES(40,'admin','0002_logentry_remove_auto_add','2021-10-07 01:00:32.058507');
INSERT INTO "django_migrations" VALUES(41,'admin','0003_logentry_add_action_flag_choices','2021-10-07 01:00:32.069507');
INSERT INTO "django_migrations" VALUES(42,'django_cron','0003_alter_cronjoblog_id','2021-10-07 01:00:32.077507');
INSERT INTO "django_migrations" VALUES(43,'instituciones','0001_initial','2021-10-07 01:00:32.082508');
INSERT INTO "django_migrations" VALUES(44,'instituciones','0002_alter_institucion_options','2021-10-07 01:00:32.086508');
INSERT INTO "django_migrations" VALUES(45,'docente','0001_initial','2021-10-07 01:00:32.101507');
INSERT INTO "django_migrations" VALUES(46,'estudiante','0004_auto_20211006_1959','2021-10-07 01:00:32.124507');
INSERT INTO "django_migrations" VALUES(47,'usuario','0002_auto_20210902_1907','2021-10-07 01:00:32.156508');
INSERT INTO "django_migrations" VALUES(48,'usuario','0003_alter_user_options','2021-10-07 01:00:32.165506');
INSERT INTO "django_migrations" VALUES(49,'usuario','0004_auto_20211006_1959','2021-10-07 01:00:32.190510');
CREATE UNIQUE INDEX "django_content_type_app_label_model_76bd3d3b_uniq" ON "django_content_type" ("app_label", "model");
CREATE UNIQUE INDEX "auth_group_permissions_group_id_permission_id_0cd325b0_uniq" ON "auth_group_permissions" ("group_id", "permission_id");
CREATE INDEX IF NOT EXISTS "auth_group_permissions_group_id_b120cbf9" ON "auth_group_permissions" ("group_id");
CREATE INDEX IF NOT EXISTS "auth_group_permissions_permission_id_84c5c92e" ON "auth_group_permissions" ("permission_id");
CREATE UNIQUE INDEX "auth_permission_content_type_id_codename_01ab375a_uniq" ON "auth_permission" ("content_type_id", "codename");
CREATE INDEX IF NOT EXISTS "auth_permission_content_type_id_2f476e4b" ON "auth_permission" ("content_type_id");
CREATE INDEX IF NOT EXISTS "django_session_expire_date_a5c62663" ON "django_session" ("expire_date");
CREATE UNIQUE INDEX "usuario_user_groups_user_id_group_id_1b0807de_uniq" ON "usuario_user_groups" ("user_id", "group_id");
CREATE INDEX IF NOT EXISTS "usuario_user_groups_user_id_1df7a96d" ON "usuario_user_groups" ("user_id");
CREATE INDEX IF NOT EXISTS "usuario_user_groups_group_id_e313e18d" ON "usuario_user_groups" ("group_id");
CREATE UNIQUE INDEX "usuario_user_user_permissions_user_id_permission_id_d74a6945_uniq" ON "usuario_user_user_permissions" ("user_id", "permission_id");
CREATE INDEX IF NOT EXISTS "usuario_user_user_permissions_user_id_bfc8eb29" ON "usuario_user_user_permissions" ("user_id");
CREATE INDEX IF NOT EXISTS "usuario_user_user_permissions_permission_id_fae57acd" ON "usuario_user_user_permissions" ("permission_id");
CREATE INDEX IF NOT EXISTS "aceite_registro_aceite_estudiante_id_f9c7fe77" ON "aceite_registro_aceite" ("estudiante_id");
CREATE INDEX IF NOT EXISTS "django_admin_log_content_type_id_c4bce8eb" ON "django_admin_log" ("content_type_id");
CREATE INDEX IF NOT EXISTS "django_admin_log_user_id_c564eba6" ON "django_admin_log" ("user_id");
CREATE INDEX IF NOT EXISTS "django_cron_cronjoblog_code_48865653" ON "django_cron_cronjoblog" ("code");
CREATE INDEX IF NOT EXISTS "django_cron_cronjoblog_start_time_d68c0dd9" ON "django_cron_cronjoblog" ("start_time");
CREATE INDEX IF NOT EXISTS "django_cron_cronjoblog_end_time_7918602a" ON "django_cron_cronjoblog" ("end_time");
CREATE INDEX IF NOT EXISTS "django_cron_cronjoblog_ran_at_time_7fed2751" ON "django_cron_cronjoblog" ("ran_at_time");
CREATE INDEX IF NOT EXISTS "django_cron_cronjoblog_code_is_success_ran_at_time_84da9606_idx" ON "django_cron_cronjoblog" ("code", "is_success", "ran_at_time");
CREATE INDEX IF NOT EXISTS "django_cron_cronjoblog_code_start_time_ran_at_time_8b50b8fa_idx" ON "django_cron_cronjoblog" ("code", "start_time", "ran_at_time");
CREATE INDEX IF NOT EXISTS "django_cron_cronjoblog_code_start_time_4fc78f9d_idx" ON "django_cron_cronjoblog" ("code", "start_time");
CREATE INDEX IF NOT EXISTS "docente_docente_institucion_id_f716679f" ON "docente_docente" ("institucion_id");
CREATE INDEX IF NOT EXISTS "estudiante_estudiante_institucion_id_7a4d65a4" ON "estudiante_estudiante" ("institucion_id");
CREATE TABLE IF NOT EXISTS "django_session" ("session_key" varchar(40) NOT NULL PRIMARY KEY, "session_data" text NOT NULL, "expire_date" datetime NOT NULL);
INSERT INTO "django_session" VALUES('b711ffdlg6pqrpvoxrvnvv3sevkywyid','.eJxVjEEOwiAQRe_C2hAotDIu3fcMZAZmpGpoUtqV8e7apAvd_vfef6mI21ri1niJU1YXZdXpdyNMD647yHest1mnua7LRHpX9EGbHufMz-vh_h0UbOVbiwFvpfeYO-kDukSh84MwIROAGWwwIg4yWeDAZ2JjrUkMLnD2Al69P_cZOHM:1mYIaw:ZNnRmvlW4ILBZrErNP4-8ZKyVaE618jbVIGqgA3JaHA','2021-10-21 01:53:14.623671');
INSERT INTO "django_session" VALUES('bxr9bciqwjodpobxyufapa665sw3bi57','.eJxVjEEOwiAQRe_C2hAotDIu3fcMZAZmpGpoUtqV8e7apAvd_vfef6mI21ri1niJU1YXZdXpdyNMD647yHest1mnua7LRHpX9EGbHufMz-vh_h0UbOVbiwFvpfeYO-kDukSh84MwIROAGWwwIg4yWeDAZ2JjrUkMLnD2Al69P_cZOHM:1mYJ8c:RJ7kovP1DYQqp1KmBAscnmIR5o-WEk0w718R9KVPbF8','2021-10-21 02:28:02.036771');
CREATE UNIQUE INDEX "django_content_type_app_label_model_76bd3d3b_uniq" ON "django_content_type" ("app_label", "model");
CREATE UNIQUE INDEX "auth_group_permissions_group_id_permission_id_0cd325b0_uniq" ON "auth_group_permissions" ("group_id", "permission_id");
CREATE INDEX IF NOT EXISTS "auth_group_permissions_group_id_b120cbf9" ON "auth_group_permissions" ("group_id");
CREATE INDEX IF NOT EXISTS "auth_group_permissions_permission_id_84c5c92e" ON "auth_group_permissions" ("permission_id");
CREATE UNIQUE INDEX "auth_permission_content_type_id_codename_01ab375a_uniq" ON "auth_permission" ("content_type_id", "codename");
CREATE INDEX IF NOT EXISTS "auth_permission_content_type_id_2f476e4b" ON "auth_permission" ("content_type_id");
CREATE INDEX IF NOT EXISTS "django_session_expire_date_a5c62663" ON "django_session" ("expire_date");
CREATE UNIQUE INDEX "usuario_user_groups_user_id_group_id_1b0807de_uniq" ON "usuario_user_groups" ("user_id", "group_id");
CREATE INDEX IF NOT EXISTS "usuario_user_groups_user_id_1df7a96d" ON "usuario_user_groups" ("user_id");
CREATE INDEX IF NOT EXISTS "usuario_user_groups_group_id_e313e18d" ON "usuario_user_groups" ("group_id");
CREATE UNIQUE INDEX "usuario_user_user_permissions_user_id_permission_id_d74a6945_uniq" ON "usuario_user_user_permissions" ("user_id", "permission_id");
CREATE INDEX IF NOT EXISTS "usuario_user_user_permissions_user_id_bfc8eb29" ON "usuario_user_user_permissions" ("user_id");
CREATE INDEX IF NOT EXISTS "usuario_user_user_permissions_permission_id_fae57acd" ON "usuario_user_user_permissions" ("permission_id");
CREATE INDEX IF NOT EXISTS "aceite_registro_aceite_estudiante_id_f9c7fe77" ON "aceite_registro_aceite" ("estudiante_id");
CREATE INDEX IF NOT EXISTS "django_admin_log_content_type_id_c4bce8eb" ON "django_admin_log" ("content_type_id");
CREATE INDEX IF NOT EXISTS "django_admin_log_user_id_c564eba6" ON "django_admin_log" ("user_id");
CREATE INDEX IF NOT EXISTS "django_cron_cronjoblog_code_48865653" ON "django_cron_cronjoblog" ("code");
CREATE INDEX IF NOT EXISTS "django_cron_cronjoblog_start_time_d68c0dd9" ON "django_cron_cronjoblog" ("start_time");
CREATE INDEX IF NOT EXISTS "django_cron_cronjoblog_end_time_7918602a" ON "django_cron_cronjoblog" ("end_time");
CREATE INDEX IF NOT EXISTS "django_cron_cronjoblog_ran_at_time_7fed2751" ON "django_cron_cronjoblog" ("ran_at_time");
CREATE INDEX IF NOT EXISTS "django_cron_cronjoblog_code_is_success_ran_at_time_84da9606_idx" ON "django_cron_cronjoblog" ("code", "is_success", "ran_at_time");
CREATE INDEX IF NOT EXISTS "django_cron_cronjoblog_code_start_time_ran_at_time_8b50b8fa_idx" ON "django_cron_cronjoblog" ("code", "start_time", "ran_at_time");
CREATE INDEX IF NOT EXISTS "django_cron_cronjoblog_code_start_time_4fc78f9d_idx" ON "django_cron_cronjoblog" ("code", "start_time");
CREATE INDEX IF NOT EXISTS "docente_docente_institucion_id_f716679f" ON "docente_docente" ("institucion_id");
CREATE INDEX IF NOT EXISTS "estudiante_estudiante_institucion_id_7a4d65a4" ON "estudiante_estudiante" ("institucion_id");
CREATE TABLE IF NOT EXISTS "docente_docente" ("id" integer NOT NULL PRIMARY KEY AUTOINCREMENT, "ni" bigint NULL UNIQUE, "telefono" integer NOT NULL, "institucion_id" bigint NULL REFERENCES "instituciones_institucion" ("id") DEFERRABLE INITIALLY DEFERRED, "user_id" bigint NOT NULL UNIQUE REFERENCES "usuario_user" ("id") DEFERRABLE INITIALLY DEFERRED);
INSERT INTO "docente_docente" VALUES(2,1001,3006593697,1,4);
CREATE UNIQUE INDEX "django_content_type_app_label_model_76bd3d3b_uniq" ON "django_content_type" ("app_label", "model");
CREATE UNIQUE INDEX "auth_group_permissions_group_id_permission_id_0cd325b0_uniq" ON "auth_group_permissions" ("group_id", "permission_id");
CREATE INDEX IF NOT EXISTS "auth_group_permissions_group_id_b120cbf9" ON "auth_group_permissions" ("group_id");
CREATE INDEX IF NOT EXISTS "auth_group_permissions_permission_id_84c5c92e" ON "auth_group_permissions" ("permission_id");
CREATE UNIQUE INDEX "auth_permission_content_type_id_codename_01ab375a_uniq" ON "auth_permission" ("content_type_id", "codename");
CREATE INDEX IF NOT EXISTS "auth_permission_content_type_id_2f476e4b" ON "auth_permission" ("content_type_id");
CREATE INDEX IF NOT EXISTS "django_session_expire_date_a5c62663" ON "django_session" ("expire_date");
CREATE UNIQUE INDEX "usuario_user_groups_user_id_group_id_1b0807de_uniq" ON "usuario_user_groups" ("user_id", "group_id");
CREATE INDEX IF NOT EXISTS "usuario_user_groups_user_id_1df7a96d" ON "usuario_user_groups" ("user_id");
CREATE INDEX IF NOT EXISTS "usuario_user_groups_group_id_e313e18d" ON "usuario_user_groups" ("group_id");
CREATE UNIQUE INDEX "usuario_user_user_permissions_user_id_permission_id_d74a6945_uniq" ON "usuario_user_user_permissions" ("user_id", "permission_id");
CREATE INDEX IF NOT EXISTS "usuario_user_user_permissions_user_id_bfc8eb29" ON "usuario_user_user_permissions" ("user_id");
CREATE INDEX IF NOT EXISTS "usuario_user_user_permissions_permission_id_fae57acd" ON "usuario_user_user_permissions" ("permission_id");
CREATE INDEX IF NOT EXISTS "aceite_registro_aceite_estudiante_id_f9c7fe77" ON "aceite_registro_aceite" ("estudiante_id");
CREATE INDEX IF NOT EXISTS "django_admin_log_content_type_id_c4bce8eb" ON "django_admin_log" ("content_type_id");
CREATE INDEX IF NOT EXISTS "django_admin_log_user_id_c564eba6" ON "django_admin_log" ("user_id");
CREATE INDEX IF NOT EXISTS "django_cron_cronjoblog_code_48865653" ON "django_cron_cronjoblog" ("code");
CREATE INDEX IF NOT EXISTS "django_cron_cronjoblog_start_time_d68c0dd9" ON "django_cron_cronjoblog" ("start_time");
CREATE INDEX IF NOT EXISTS "django_cron_cronjoblog_end_time_7918602a" ON "django_cron_cronjoblog" ("end_time");
CREATE INDEX IF NOT EXISTS "django_cron_cronjoblog_ran_at_time_7fed2751" ON "django_cron_cronjoblog" ("ran_at_time");
CREATE INDEX IF NOT EXISTS "django_cron_cronjoblog_code_is_success_ran_at_time_84da9606_idx" ON "django_cron_cronjoblog" ("code", "is_success", "ran_at_time");
CREATE INDEX IF NOT EXISTS "django_cron_cronjoblog_code_start_time_ran_at_time_8b50b8fa_idx" ON "django_cron_cronjoblog" ("code", "start_time", "ran_at_time");
CREATE INDEX IF NOT EXISTS "django_cron_cronjoblog_code_start_time_4fc78f9d_idx" ON "django_cron_cronjoblog" ("code", "start_time");
CREATE INDEX IF NOT EXISTS "docente_docente_institucion_id_f716679f" ON "docente_docente" ("institucion_id");
CREATE INDEX IF NOT EXISTS "estudiante_estudiante_institucion_id_7a4d65a4" ON "estudiante_estudiante" ("institucion_id");
CREATE TABLE IF NOT EXISTS "estudiante_estudiante" ("id" integer NOT NULL PRIMARY KEY AUTOINCREMENT, "grado" varchar(10) NOT NULL, "edad" integer NOT NULL, "barrio" varchar(200) NOT NULL, "telefono" integer NOT NULL, "aceite_recolectado" integer NOT NULL, "puntos" integer NOT NULL, "user_id" bigint NOT NULL UNIQUE REFERENCES "usuario_user" ("id") DEFERRABLE INITIALLY DEFERRED, "institucion_id" bigint NULL REFERENCES "instituciones_institucion" ("id") DEFERRABLE INITIALLY DEFERRED, "ni" bigint NULL UNIQUE);
CREATE UNIQUE INDEX "django_content_type_app_label_model_76bd3d3b_uniq" ON "django_content_type" ("app_label", "model");
CREATE UNIQUE INDEX "auth_group_permissions_group_id_permission_id_0cd325b0_uniq" ON "auth_group_permissions" ("group_id", "permission_id");
CREATE INDEX IF NOT EXISTS "auth_group_permissions_group_id_b120cbf9" ON "auth_group_permissions" ("group_id");
CREATE INDEX IF NOT EXISTS "auth_group_permissions_permission_id_84c5c92e" ON "auth_group_permissions" ("permission_id");
CREATE UNIQUE INDEX "auth_permission_content_type_id_codename_01ab375a_uniq" ON "auth_permission" ("content_type_id", "codename");
CREATE INDEX IF NOT EXISTS "auth_permission_content_type_id_2f476e4b" ON "auth_permission" ("content_type_id");
CREATE INDEX IF NOT EXISTS "django_session_expire_date_a5c62663" ON "django_session" ("expire_date");
CREATE UNIQUE INDEX "usuario_user_groups_user_id_group_id_1b0807de_uniq" ON "usuario_user_groups" ("user_id", "group_id");
CREATE INDEX IF NOT EXISTS "usuario_user_groups_user_id_1df7a96d" ON "usuario_user_groups" ("user_id");
CREATE INDEX IF NOT EXISTS "usuario_user_groups_group_id_e313e18d" ON "usuario_user_groups" ("group_id");
CREATE UNIQUE INDEX "usuario_user_user_permissions_user_id_permission_id_d74a6945_uniq" ON "usuario_user_user_permissions" ("user_id", "permission_id");
CREATE INDEX IF NOT EXISTS "usuario_user_user_permissions_user_id_bfc8eb29" ON "usuario_user_user_permissions" ("user_id");
CREATE INDEX IF NOT EXISTS "usuario_user_user_permissions_permission_id_fae57acd" ON "usuario_user_user_permissions" ("permission_id");
CREATE INDEX IF NOT EXISTS "aceite_registro_aceite_estudiante_id_f9c7fe77" ON "aceite_registro_aceite" ("estudiante_id");
CREATE INDEX IF NOT EXISTS "django_admin_log_content_type_id_c4bce8eb" ON "django_admin_log" ("content_type_id");
CREATE INDEX IF NOT EXISTS "django_admin_log_user_id_c564eba6" ON "django_admin_log" ("user_id");
CREATE INDEX IF NOT EXISTS "django_cron_cronjoblog_code_48865653" ON "django_cron_cronjoblog" ("code");
CREATE INDEX IF NOT EXISTS "django_cron_cronjoblog_start_time_d68c0dd9" ON "django_cron_cronjoblog" ("start_time");
CREATE INDEX IF NOT EXISTS "django_cron_cronjoblog_end_time_7918602a" ON "django_cron_cronjoblog" ("end_time");
CREATE INDEX IF NOT EXISTS "django_cron_cronjoblog_ran_at_time_7fed2751" ON "django_cron_cronjoblog" ("ran_at_time");
CREATE INDEX IF NOT EXISTS "django_cron_cronjoblog_code_is_success_ran_at_time_84da9606_idx" ON "django_cron_cronjoblog" ("code", "is_success", "ran_at_time");
CREATE INDEX IF NOT EXISTS "django_cron_cronjoblog_code_start_time_ran_at_time_8b50b8fa_idx" ON "django_cron_cronjoblog" ("code", "start_time", "ran_at_time");
CREATE INDEX IF NOT EXISTS "django_cron_cronjoblog_code_start_time_4fc78f9d_idx" ON "django_cron_cronjoblog" ("code", "start_time");
CREATE INDEX IF NOT EXISTS "docente_docente_institucion_id_f716679f" ON "docente_docente" ("institucion_id");
CREATE INDEX IF NOT EXISTS "estudiante_estudiante_institucion_id_7a4d65a4" ON "estudiante_estudiante" ("institucion_id");
CREATE TABLE IF NOT EXISTS "instituciones_institucion" ("id" integer NOT NULL PRIMARY KEY AUTOINCREMENT, "nombre" varchar(150) NOT NULL, "localidad" varchar(150) NOT NULL, "barrio" varchar(150) NOT NULL, "sede" varchar(150) NULL, "created" datetime NOT NULL, "updated" datetime NOT NULL);
INSERT INTO "instituciones_institucion" VALUES(1,'Republica de Uruguay','Medellin','Comuna 6',NULL,'2021-10-07 01:47:51.304749','2021-10-07 01:47:51.304749');
INSERT INTO "instituciones_institucion" VALUES(2,'Blanquizal','Medellin','Comuna 13',NULL,'2021-10-07 01:47:57.863793','2021-10-07 01:47:57.863793');
INSERT INTO "instituciones_institucion" VALUES(3,'Institucin Educativa Jorge Robledo','Medellin','Robledo',NULL,'2021-10-07 01:48:39.671529','2021-10-07 01:48:39.671529');
INSERT INTO "instituciones_institucion" VALUES(4,'Colegio Calasanz Medelln','Medellin','Calasanz',NULL,'2021-10-07 01:48:57.830758','2021-10-07 01:48:57.830758');
INSERT INTO "instituciones_institucion" VALUES(5,'Eafit','Medellin','Poblado',NULL,'2021-10-07 01:58:43.054095','2021-10-07 01:58:43.054095');
INSERT INTO "instituciones_institucion" VALUES(6,'Normal Superior','Copacabana','Pedrera',NULL,'2021-10-07 02:28:27.864812','2021-10-07 02:28:27.864812');
CREATE UNIQUE INDEX "django_content_type_app_label_model_76bd3d3b_uniq" ON "django_content_type" ("app_label", "model");
CREATE UNIQUE INDEX "auth_group_permissions_group_id_permission_id_0cd325b0_uniq" ON "auth_group_permissions" ("group_id", "permission_id");
CREATE INDEX IF NOT EXISTS "auth_group_permissions_group_id_b120cbf9" ON "auth_group_permissions" ("group_id");
CREATE INDEX IF NOT EXISTS "auth_group_permissions_permission_id_84c5c92e" ON "auth_group_permissions" ("permission_id");
CREATE UNIQUE INDEX "auth_permission_content_type_id_codename_01ab375a_uniq" ON "auth_permission" ("content_type_id", "codename");
CREATE INDEX IF NOT EXISTS "auth_permission_content_type_id_2f476e4b" ON "auth_permission" ("content_type_id");
CREATE INDEX IF NOT EXISTS "django_session_expire_date_a5c62663" ON "django_session" ("expire_date");
CREATE UNIQUE INDEX "usuario_user_groups_user_id_group_id_1b0807de_uniq" ON "usuario_user_groups" ("user_id", "group_id");
CREATE INDEX IF NOT EXISTS "usuario_user_groups_user_id_1df7a96d" ON "usuario_user_groups" ("user_id");
CREATE INDEX IF NOT EXISTS "usuario_user_groups_group_id_e313e18d" ON "usuario_user_groups" ("group_id");
CREATE UNIQUE INDEX "usuario_user_user_permissions_user_id_permission_id_d74a6945_uniq" ON "usuario_user_user_permissions" ("user_id", "permission_id");
CREATE INDEX IF NOT EXISTS "usuario_user_user_permissions_user_id_bfc8eb29" ON "usuario_user_user_permissions" ("user_id");
CREATE INDEX IF NOT EXISTS "usuario_user_user_permissions_permission_id_fae57acd" ON "usuario_user_user_permissions" ("permission_id");
CREATE INDEX IF NOT EXISTS "aceite_registro_aceite_estudiante_id_f9c7fe77" ON "aceite_registro_aceite" ("estudiante_id");
CREATE INDEX IF NOT EXISTS "django_admin_log_content_type_id_c4bce8eb" ON "django_admin_log" ("content_type_id");
CREATE INDEX IF NOT EXISTS "django_admin_log_user_id_c564eba6" ON "django_admin_log" ("user_id");
CREATE INDEX IF NOT EXISTS "django_cron_cronjoblog_code_48865653" ON "django_cron_cronjoblog" ("code");
CREATE INDEX IF NOT EXISTS "django_cron_cronjoblog_start_time_d68c0dd9" ON "django_cron_cronjoblog" ("start_time");
CREATE INDEX IF NOT EXISTS "django_cron_cronjoblog_end_time_7918602a" ON "django_cron_cronjoblog" ("end_time");
CREATE INDEX IF NOT EXISTS "django_cron_cronjoblog_ran_at_time_7fed2751" ON "django_cron_cronjoblog" ("ran_at_time");
CREATE INDEX IF NOT EXISTS "django_cron_cronjoblog_code_is_success_ran_at_time_84da9606_idx" ON "django_cron_cronjoblog" ("code", "is_success", "ran_at_time");
CREATE INDEX IF NOT EXISTS "django_cron_cronjoblog_code_start_time_ran_at_time_8b50b8fa_idx" ON "django_cron_cronjoblog" ("code", "start_time", "ran_at_time");
CREATE INDEX IF NOT EXISTS "django_cron_cronjoblog_code_start_time_4fc78f9d_idx" ON "django_cron_cronjoblog" ("code", "start_time");
CREATE INDEX IF NOT EXISTS "docente_docente_institucion_id_f716679f" ON "docente_docente" ("institucion_id");
CREATE INDEX IF NOT EXISTS "estudiante_estudiante_institucion_id_7a4d65a4" ON "estudiante_estudiante" ("institucion_id");
CREATE TABLE IF NOT EXISTS "usuario_user" ("id" integer NOT NULL PRIMARY KEY AUTOINCREMENT, "password" varchar(128) NOT NULL, "last_login" datetime NULL, "is_superuser" bool NOT NULL, "username" varchar(150) NOT NULL UNIQUE, "is_staff" bool NOT NULL, "is_active" bool NOT NULL, "date_joined" datetime NOT NULL, "first_name" varchar(150) NULL, "last_name" varchar(150) NULL, "email" varchar(254) NOT NULL, "usuario_inst" bool NOT NULL, "admin_proyecto" bool NOT NULL, "admin_docente" bool NOT NULL);
INSERT INTO "usuario_user" VALUES(1,'pbkdf2_sha256$260000$XyX7dtyPQIQmcLXUZWRqKk$nyjGItfARDqlkydjK8equKeAkY11nlYfPLxvUSNitSk=','2021-10-07 02:28:02.030771',1,'admin',1,1,'2021-10-07 01:09:41',NULL,NULL,'admin@gmail.com',0,1,0);
INSERT INTO "usuario_user" VALUES(4,'pbkdf2_sha256$260000$K6IQFgm0q6w9ROxAyZC2OI$498axxtrQSKed0vVQCFZDF7TSml8nYJsU5j3u8Tk7hs=','2021-10-07 02:00:31.295971',0,'dgomezc10',0,1,'2021-10-07 01:55:34','David','Gomez Correa','dgomezc10@eafit.edu.co',0,0,1);
CREATE UNIQUE INDEX "django_content_type_app_label_model_76bd3d3b_uniq" ON "django_content_type" ("app_label", "model");
CREATE UNIQUE INDEX "auth_group_permissions_group_id_permission_id_0cd325b0_uniq" ON "auth_group_permissions" ("group_id", "permission_id");
CREATE INDEX IF NOT EXISTS "auth_group_permissions_group_id_b120cbf9" ON "auth_group_permissions" ("group_id");
CREATE INDEX IF NOT EXISTS "auth_group_permissions_permission_id_84c5c92e" ON "auth_group_permissions" ("permission_id");
CREATE UNIQUE INDEX "auth_permission_content_type_id_codename_01ab375a_uniq" ON "auth_permission" ("content_type_id", "codename");
CREATE INDEX IF NOT EXISTS "auth_permission_content_type_id_2f476e4b" ON "auth_permission" ("content_type_id");
CREATE INDEX IF NOT EXISTS "django_session_expire_date_a5c62663" ON "django_session" ("expire_date");
CREATE UNIQUE INDEX "usuario_user_groups_user_id_group_id_1b0807de_uniq" ON "usuario_user_groups" ("user_id", "group_id");
CREATE INDEX IF NOT EXISTS "usuario_user_groups_user_id_1df7a96d" ON "usuario_user_groups" ("user_id");
CREATE INDEX IF NOT EXISTS "usuario_user_groups_group_id_e313e18d" ON "usuario_user_groups" ("group_id");
CREATE UNIQUE INDEX "usuario_user_user_permissions_user_id_permission_id_d74a6945_uniq" ON "usuario_user_user_permissions" ("user_id", "permission_id");
CREATE INDEX IF NOT EXISTS "usuario_user_user_permissions_user_id_bfc8eb29" ON "usuario_user_user_permissions" ("user_id");
CREATE INDEX IF NOT EXISTS "usuario_user_user_permissions_permission_id_fae57acd" ON "usuario_user_user_permissions" ("permission_id");
CREATE INDEX IF NOT EXISTS "aceite_registro_aceite_estudiante_id_f9c7fe77" ON "aceite_registro_aceite" ("estudiante_id");
CREATE INDEX IF NOT EXISTS "django_admin_log_content_type_id_c4bce8eb" ON "django_admin_log" ("content_type_id");
CREATE INDEX IF NOT EXISTS "django_admin_log_user_id_c564eba6" ON "django_admin_log" ("user_id");
CREATE INDEX IF NOT EXISTS "django_cron_cronjoblog_code_48865653" ON "django_cron_cronjoblog" ("code");
CREATE INDEX IF NOT EXISTS "django_cron_cronjoblog_start_time_d68c0dd9" ON "django_cron_cronjoblog" ("start_time");
CREATE INDEX IF NOT EXISTS "django_cron_cronjoblog_end_time_7918602a" ON "django_cron_cronjoblog" ("end_time");
CREATE INDEX IF NOT EXISTS "django_cron_cronjoblog_ran_at_time_7fed2751" ON "django_cron_cronjoblog" ("ran_at_time");
CREATE INDEX IF NOT EXISTS "django_cron_cronjoblog_code_is_success_ran_at_time_84da9606_idx" ON "django_cron_cronjoblog" ("code", "is_success", "ran_at_time");
CREATE INDEX IF NOT EXISTS "django_cron_cronjoblog_code_start_time_ran_at_time_8b50b8fa_idx" ON "django_cron_cronjoblog" ("code", "start_time", "ran_at_time");
CREATE INDEX IF NOT EXISTS "django_cron_cronjoblog_code_start_time_4fc78f9d_idx" ON "django_cron_cronjoblog" ("code", "start_time");
CREATE INDEX IF NOT EXISTS "docente_docente_institucion_id_f716679f" ON "docente_docente" ("institucion_id");
CREATE INDEX IF NOT EXISTS "estudiante_estudiante_institucion_id_7a4d65a4" ON "estudiante_estudiante" ("institucion_id");
CREATE TABLE IF NOT EXISTS "usuario_user_groups" ("id" integer NOT NULL PRIMARY KEY AUTOINCREMENT, "user_id" bigint NOT NULL REFERENCES "usuario_user" ("id") DEFERRABLE INITIALLY DEFERRED, "group_id" integer NOT NULL REFERENCES "auth_group" ("id") DEFERRABLE INITIALLY DEFERRED);
INSERT INTO "usuario_user_groups" VALUES(2,4,1);
INSERT INTO "usuario_user_groups" VALUES(3,1,2);
CREATE UNIQUE INDEX "django_content_type_app_label_model_76bd3d3b_uniq" ON "django_content_type" ("app_label", "model");
CREATE UNIQUE INDEX "auth_group_permissions_group_id_permission_id_0cd325b0_uniq" ON "auth_group_permissions" ("group_id", "permission_id");
CREATE INDEX IF NOT EXISTS "auth_group_permissions_group_id_b120cbf9" ON "auth_group_permissions" ("group_id");
CREATE INDEX IF NOT EXISTS "auth_group_permissions_permission_id_84c5c92e" ON "auth_group_permissions" ("permission_id");
CREATE UNIQUE INDEX "auth_permission_content_type_id_codename_01ab375a_uniq" ON "auth_permission" ("content_type_id", "codename");
CREATE INDEX IF NOT EXISTS "auth_permission_content_type_id_2f476e4b" ON "auth_permission" ("content_type_id");
CREATE INDEX IF NOT EXISTS "django_session_expire_date_a5c62663" ON "django_session" ("expire_date");
CREATE UNIQUE INDEX "usuario_user_groups_user_id_group_id_1b0807de_uniq" ON "usuario_user_groups" ("user_id", "group_id");
CREATE INDEX IF NOT EXISTS "usuario_user_groups_user_id_1df7a96d" ON "usuario_user_groups" ("user_id");
CREATE INDEX IF NOT EXISTS "usuario_user_groups_group_id_e313e18d" ON "usuario_user_groups" ("group_id");
CREATE UNIQUE INDEX "usuario_user_user_permissions_user_id_permission_id_d74a6945_uniq" ON "usuario_user_user_permissions" ("user_id", "permission_id");
CREATE INDEX IF NOT EXISTS "usuario_user_user_permissions_user_id_bfc8eb29" ON "usuario_user_user_permissions" ("user_id");
CREATE INDEX IF NOT EXISTS "usuario_user_user_permissions_permission_id_fae57acd" ON "usuario_user_user_permissions" ("permission_id");
CREATE INDEX IF NOT EXISTS "aceite_registro_aceite_estudiante_id_f9c7fe77" ON "aceite_registro_aceite" ("estudiante_id");
CREATE INDEX IF NOT EXISTS "django_admin_log_content_type_id_c4bce8eb" ON "django_admin_log" ("content_type_id");
CREATE INDEX IF NOT EXISTS "django_admin_log_user_id_c564eba6" ON "django_admin_log" ("user_id");
CREATE INDEX IF NOT EXISTS "django_cron_cronjoblog_code_48865653" ON "django_cron_cronjoblog" ("code");
CREATE INDEX IF NOT EXISTS "django_cron_cronjoblog_start_time_d68c0dd9" ON "django_cron_cronjoblog" ("start_time");
CREATE INDEX IF NOT EXISTS "django_cron_cronjoblog_end_time_7918602a" ON "django_cron_cronjoblog" ("end_time");
CREATE INDEX IF NOT EXISTS "django_cron_cronjoblog_ran_at_time_7fed2751" ON "django_cron_cronjoblog" ("ran_at_time");
CREATE INDEX IF NOT EXISTS "django_cron_cronjoblog_code_is_success_ran_at_time_84da9606_idx" ON "django_cron_cronjoblog" ("code", "is_success", "ran_at_time");
CREATE INDEX IF NOT EXISTS "django_cron_cronjoblog_code_start_time_ran_at_time_8b50b8fa_idx" ON "django_cron_cronjoblog" ("code", "start_time", "ran_at_time");
CREATE INDEX IF NOT EXISTS "django_cron_cronjoblog_code_start_time_4fc78f9d_idx" ON "django_cron_cronjoblog" ("code", "start_time");
CREATE INDEX IF NOT EXISTS "docente_docente_institucion_id_f716679f" ON "docente_docente" ("institucion_id");
CREATE INDEX IF NOT EXISTS "estudiante_estudiante_institucion_id_7a4d65a4" ON "estudiante_estudiante" ("institucion_id");
CREATE TABLE IF NOT EXISTS "usuario_user_user_permissions" ("id" integer NOT NULL PRIMARY KEY AUTOINCREMENT, "user_id" bigint NOT NULL REFERENCES "usuario_user" ("id") DEFERRABLE INITIALLY DEFERRED, "permission_id" integer NOT NULL REFERENCES "auth_permission" ("id") DEFERRABLE INITIALLY DEFERRED);
CREATE UNIQUE INDEX "django_content_type_app_label_model_76bd3d3b_uniq" ON "django_content_type" ("app_label", "model");
CREATE UNIQUE INDEX "auth_group_permissions_group_id_permission_id_0cd325b0_uniq" ON "auth_group_permissions" ("group_id", "permission_id");
CREATE INDEX IF NOT EXISTS "auth_group_permissions_group_id_b120cbf9" ON "auth_group_permissions" ("group_id");
CREATE INDEX IF NOT EXISTS "auth_group_permissions_permission_id_84c5c92e" ON "auth_group_permissions" ("permission_id");
CREATE UNIQUE INDEX "auth_permission_content_type_id_codename_01ab375a_uniq" ON "auth_permission" ("content_type_id", "codename");
CREATE INDEX IF NOT EXISTS "auth_permission_content_type_id_2f476e4b" ON "auth_permission" ("content_type_id");
CREATE INDEX IF NOT EXISTS "django_session_expire_date_a5c62663" ON "django_session" ("expire_date");
CREATE UNIQUE INDEX "usuario_user_groups_user_id_group_id_1b0807de_uniq" ON "usuario_user_groups" ("user_id", "group_id");
CREATE INDEX IF NOT EXISTS "usuario_user_groups_user_id_1df7a96d" ON "usuario_user_groups" ("user_id");
CREATE INDEX IF NOT EXISTS "usuario_user_groups_group_id_e313e18d" ON "usuario_user_groups" ("group_id");
CREATE UNIQUE INDEX "usuario_user_user_permissions_user_id_permission_id_d74a6945_uniq" ON "usuario_user_user_permissions" ("user_id", "permission_id");
CREATE INDEX IF NOT EXISTS "usuario_user_user_permissions_user_id_bfc8eb29" ON "usuario_user_user_permissions" ("user_id");
CREATE INDEX IF NOT EXISTS "usuario_user_user_permissions_permission_id_fae57acd" ON "usuario_user_user_permissions" ("permission_id");
CREATE INDEX IF NOT EXISTS "aceite_registro_aceite_estudiante_id_f9c7fe77" ON "aceite_registro_aceite" ("estudiante_id");
CREATE INDEX IF NOT EXISTS "django_admin_log_content_type_id_c4bce8eb" ON "django_admin_log" ("content_type_id");
CREATE INDEX IF NOT EXISTS "django_admin_log_user_id_c564eba6" ON "django_admin_log" ("user_id");
CREATE INDEX IF NOT EXISTS "django_cron_cronjoblog_code_48865653" ON "django_cron_cronjoblog" ("code");
CREATE INDEX IF NOT EXISTS "django_cron_cronjoblog_start_time_d68c0dd9" ON "django_cron_cronjoblog" ("start_time");
CREATE INDEX IF NOT EXISTS "django_cron_cronjoblog_end_time_7918602a" ON "django_cron_cronjoblog" ("end_time");
CREATE INDEX IF NOT EXISTS "django_cron_cronjoblog_ran_at_time_7fed2751" ON "django_cron_cronjoblog" ("ran_at_time");
CREATE INDEX IF NOT EXISTS "django_cron_cronjoblog_code_is_success_ran_at_time_84da9606_idx" ON "django_cron_cronjoblog" ("code", "is_success", "ran_at_time");
CREATE INDEX IF NOT EXISTS "django_cron_cronjoblog_code_start_time_ran_at_time_8b50b8fa_idx" ON "django_cron_cronjoblog" ("code", "start_time", "ran_at_time");
CREATE INDEX IF NOT EXISTS "django_cron_cronjoblog_code_start_time_4fc78f9d_idx" ON "django_cron_cronjoblog" ("code", "start_time");
CREATE INDEX IF NOT EXISTS "docente_docente_institucion_id_f716679f" ON "docente_docente" ("institucion_id");
CREATE INDEX IF NOT EXISTS "estudiante_estudiante_institucion_id_7a4d65a4" ON "estudiante_estudiante" ("institucion_id");
