CREATE TABLE IF NOT EXISTS "aceite_registro_aceite" ("id" integer NOT NULL PRIMARY KEY AUTOINCREMENT, "cantidad_aceite" integer NOT NULL, "nombre" varchar(150) NOT NULL, "fecha" datetime NOT NULL, "estudiante_id" bigint NOT NULL REFERENCES "estudiante_estudiante" ("id") DEFERRABLE INITIALLY DEFERRED);
INSERT INTO "aceite_registro_aceite" VALUES(1,12,'david','2021-09-08 22:11:30.472772',3);
INSERT INTO "aceite_registro_aceite" VALUES(2,12,'David','2021-09-12 23:08:57.509518',3);
CREATE UNIQUE INDEX "django_content_type_app_label_model_76bd3d3b_uniq" ON "django_content_type" ("app_label", "model");
CREATE UNIQUE INDEX "auth_group_permissions_group_id_permission_id_0cd325b0_uniq" ON "auth_group_permissions" ("group_id", "permission_id");
CREATE INDEX IF NOT EXISTS "auth_group_permissions_group_id_b120cbf9" ON "auth_group_permissions" ("group_id");
CREATE INDEX IF NOT EXISTS "auth_group_permissions_permission_id_84c5c92e" ON "auth_group_permissions" ("permission_id");
CREATE UNIQUE INDEX "auth_permission_content_type_id_codename_01ab375a_uniq" ON "auth_permission" ("content_type_id", "codename");
CREATE INDEX IF NOT EXISTS "auth_permission_content_type_id_2f476e4b" ON "auth_permission" ("content_type_id");
CREATE INDEX IF NOT EXISTS "django_session_expire_date_a5c62663" ON "django_session" ("expire_date");
CREATE UNIQUE INDEX "usuario_user_groups_user_id_group_id_1b0807de_uniq" ON "usuario_user_groups" ("user_id", "group_id");
CREATE INDEX IF NOT EXISTS "usuario_user_groups_user_id_1df7a96d" ON "usuario_user_groups" ("user_id");
CREATE INDEX IF NOT EXISTS "usuario_user_groups_group_id_e313e18d" ON "usuario_user_groups" ("group_id");
CREATE UNIQUE INDEX "usuario_user_user_permissions_user_id_permission_id_d74a6945_uniq" ON "usuario_user_user_permissions" ("user_id", "permission_id");
CREATE INDEX IF NOT EXISTS "usuario_user_user_permissions_user_id_bfc8eb29" ON "usuario_user_user_permissions" ("user_id");
CREATE INDEX IF NOT EXISTS "usuario_user_user_permissions_permission_id_fae57acd" ON "usuario_user_user_permissions" ("permission_id");
CREATE INDEX IF NOT EXISTS "django_admin_log_content_type_id_c4bce8eb" ON "django_admin_log" ("content_type_id");
CREATE INDEX IF NOT EXISTS "django_admin_log_user_id_c564eba6" ON "django_admin_log" ("user_id");
CREATE INDEX IF NOT EXISTS "usuario_user_institucion_id_45f6ac44" ON "usuario_user" ("institucion_id");
CREATE INDEX IF NOT EXISTS "aceite_registro_aceite_estudiante_id_f9c7fe77" ON "aceite_registro_aceite" ("estudiante_id");
CREATE INDEX IF NOT EXISTS "django_cron_cronjoblog_code_48865653" ON "django_cron_cronjoblog" ("code");
CREATE INDEX IF NOT EXISTS "django_cron_cronjoblog_start_time_d68c0dd9" ON "django_cron_cronjoblog" ("start_time");
CREATE INDEX IF NOT EXISTS "django_cron_cronjoblog_end_time_7918602a" ON "django_cron_cronjoblog" ("end_time");
CREATE INDEX IF NOT EXISTS "django_cron_cronjoblog_ran_at_time_7fed2751" ON "django_cron_cronjoblog" ("ran_at_time");
CREATE INDEX IF NOT EXISTS "django_cron_cronjoblog_code_start_time_ran_at_time_8b50b8fa_idx" ON "django_cron_cronjoblog" ("code", "start_time", "ran_at_time");
CREATE INDEX IF NOT EXISTS "django_cron_cronjoblog_code_start_time_4fc78f9d_idx" ON "django_cron_cronjoblog" ("code", "start_time");
CREATE INDEX IF NOT EXISTS "django_cron_cronjoblog_code_is_success_ran_at_time_84da9606_idx" ON "django_cron_cronjoblog" ("code", "is_success", "ran_at_time");
CREATE TABLE IF NOT EXISTS "auth_group" ("id" integer NOT NULL PRIMARY KEY AUTOINCREMENT, "name" varchar(150) NOT NULL UNIQUE);
INSERT INTO "auth_group" VALUES(1,'docentes');
INSERT INTO "auth_group" VALUES(2,'admin');
CREATE UNIQUE INDEX "django_content_type_app_label_model_76bd3d3b_uniq" ON "django_content_type" ("app_label", "model");
CREATE UNIQUE INDEX "auth_group_permissions_group_id_permission_id_0cd325b0_uniq" ON "auth_group_permissions" ("group_id", "permission_id");
CREATE INDEX IF NOT EXISTS "auth_group_permissions_group_id_b120cbf9" ON "auth_group_permissions" ("group_id");
CREATE INDEX IF NOT EXISTS "auth_group_permissions_permission_id_84c5c92e" ON "auth_group_permissions" ("permission_id");
CREATE UNIQUE INDEX "auth_permission_content_type_id_codename_01ab375a_uniq" ON "auth_permission" ("content_type_id", "codename");
CREATE INDEX IF NOT EXISTS "auth_permission_content_type_id_2f476e4b" ON "auth_permission" ("content_type_id");
CREATE INDEX IF NOT EXISTS "django_session_expire_date_a5c62663" ON "django_session" ("expire_date");
CREATE UNIQUE INDEX "usuario_user_groups_user_id_group_id_1b0807de_uniq" ON "usuario_user_groups" ("user_id", "group_id");
CREATE INDEX IF NOT EXISTS "usuario_user_groups_user_id_1df7a96d" ON "usuario_user_groups" ("user_id");
CREATE INDEX IF NOT EXISTS "usuario_user_groups_group_id_e313e18d" ON "usuario_user_groups" ("group_id");
CREATE UNIQUE INDEX "usuario_user_user_permissions_user_id_permission_id_d74a6945_uniq" ON "usuario_user_user_permissions" ("user_id", "permission_id");
CREATE INDEX IF NOT EXISTS "usuario_user_user_permissions_user_id_bfc8eb29" ON "usuario_user_user_permissions" ("user_id");
CREATE INDEX IF NOT EXISTS "usuario_user_user_permissions_permission_id_fae57acd" ON "usuario_user_user_permissions" ("permission_id");
CREATE INDEX IF NOT EXISTS "django_admin_log_content_type_id_c4bce8eb" ON "django_admin_log" ("content_type_id");
CREATE INDEX IF NOT EXISTS "django_admin_log_user_id_c564eba6" ON "django_admin_log" ("user_id");
CREATE INDEX IF NOT EXISTS "usuario_user_institucion_id_45f6ac44" ON "usuario_user" ("institucion_id");
CREATE INDEX IF NOT EXISTS "aceite_registro_aceite_estudiante_id_f9c7fe77" ON "aceite_registro_aceite" ("estudiante_id");
CREATE INDEX IF NOT EXISTS "django_cron_cronjoblog_code_48865653" ON "django_cron_cronjoblog" ("code");
CREATE INDEX IF NOT EXISTS "django_cron_cronjoblog_start_time_d68c0dd9" ON "django_cron_cronjoblog" ("start_time");
CREATE INDEX IF NOT EXISTS "django_cron_cronjoblog_end_time_7918602a" ON "django_cron_cronjoblog" ("end_time");
CREATE INDEX IF NOT EXISTS "django_cron_cronjoblog_ran_at_time_7fed2751" ON "django_cron_cronjoblog" ("ran_at_time");
CREATE INDEX IF NOT EXISTS "django_cron_cronjoblog_code_start_time_ran_at_time_8b50b8fa_idx" ON "django_cron_cronjoblog" ("code", "start_time", "ran_at_time");
CREATE INDEX IF NOT EXISTS "django_cron_cronjoblog_code_start_time_4fc78f9d_idx" ON "django_cron_cronjoblog" ("code", "start_time");
CREATE INDEX IF NOT EXISTS "django_cron_cronjoblog_code_is_success_ran_at_time_84da9606_idx" ON "django_cron_cronjoblog" ("code", "is_success", "ran_at_time");
CREATE TABLE IF NOT EXISTS "auth_group_permissions" ("id" integer NOT NULL PRIMARY KEY AUTOINCREMENT, "group_id" integer NOT NULL REFERENCES "auth_group" ("id") DEFERRABLE INITIALLY DEFERRED, "permission_id" integer NOT NULL REFERENCES "auth_permission" ("id") DEFERRABLE INITIALLY DEFERRED);
INSERT INTO "auth_group_permissions" VALUES(1,1,32);
INSERT INTO "auth_group_permissions" VALUES(2,1,37);
INSERT INTO "auth_group_permissions" VALUES(3,1,38);
INSERT INTO "auth_group_permissions" VALUES(4,1,39);
INSERT INTO "auth_group_permissions" VALUES(5,1,40);
INSERT INTO "auth_group_permissions" VALUES(6,1,25);
INSERT INTO "auth_group_permissions" VALUES(7,1,26);
INSERT INTO "auth_group_permissions" VALUES(8,1,27);
INSERT INTO "auth_group_permissions" VALUES(9,1,28);
INSERT INTO "auth_group_permissions" VALUES(10,1,29);
INSERT INTO "auth_group_permissions" VALUES(11,1,30);
INSERT INTO "auth_group_permissions" VALUES(12,1,31);
INSERT INTO "auth_group_permissions" VALUES(13,2,5);
INSERT INTO "auth_group_permissions" VALUES(14,2,6);
INSERT INTO "auth_group_permissions" VALUES(15,2,7);
INSERT INTO "auth_group_permissions" VALUES(16,2,8);
INSERT INTO "auth_group_permissions" VALUES(17,2,9);
INSERT INTO "auth_group_permissions" VALUES(18,2,10);
INSERT INTO "auth_group_permissions" VALUES(19,2,11);
INSERT INTO "auth_group_permissions" VALUES(20,2,12);
INSERT INTO "auth_group_permissions" VALUES(21,2,21);
INSERT INTO "auth_group_permissions" VALUES(22,2,22);
INSERT INTO "auth_group_permissions" VALUES(23,2,23);
INSERT INTO "auth_group_permissions" VALUES(24,2,24);
INSERT INTO "auth_group_permissions" VALUES(25,2,25);
INSERT INTO "auth_group_permissions" VALUES(26,2,26);
INSERT INTO "auth_group_permissions" VALUES(27,2,27);
INSERT INTO "auth_group_permissions" VALUES(28,2,28);
INSERT INTO "auth_group_permissions" VALUES(29,2,29);
INSERT INTO "auth_group_permissions" VALUES(30,2,30);
INSERT INTO "auth_group_permissions" VALUES(31,2,31);
INSERT INTO "auth_group_permissions" VALUES(32,2,32);
INSERT INTO "auth_group_permissions" VALUES(33,2,33);
INSERT INTO "auth_group_permissions" VALUES(34,2,34);
INSERT INTO "auth_group_permissions" VALUES(35,2,35);
INSERT INTO "auth_group_permissions" VALUES(36,2,36);
INSERT INTO "auth_group_permissions" VALUES(37,2,37);
INSERT INTO "auth_group_permissions" VALUES(38,2,38);
INSERT INTO "auth_group_permissions" VALUES(39,2,39);
INSERT INTO "auth_group_permissions" VALUES(40,2,40);
CREATE UNIQUE INDEX "django_content_type_app_label_model_76bd3d3b_uniq" ON "django_content_type" ("app_label", "model");
CREATE UNIQUE INDEX "auth_group_permissions_group_id_permission_id_0cd325b0_uniq" ON "auth_group_permissions" ("group_id", "permission_id");
CREATE INDEX IF NOT EXISTS "auth_group_permissions_group_id_b120cbf9" ON "auth_group_permissions" ("group_id");
CREATE INDEX IF NOT EXISTS "auth_group_permissions_permission_id_84c5c92e" ON "auth_group_permissions" ("permission_id");
CREATE UNIQUE INDEX "auth_permission_content_type_id_codename_01ab375a_uniq" ON "auth_permission" ("content_type_id", "codename");
CREATE INDEX IF NOT EXISTS "auth_permission_content_type_id_2f476e4b" ON "auth_permission" ("content_type_id");
CREATE INDEX IF NOT EXISTS "django_session_expire_date_a5c62663" ON "django_session" ("expire_date");
CREATE UNIQUE INDEX "usuario_user_groups_user_id_group_id_1b0807de_uniq" ON "usuario_user_groups" ("user_id", "group_id");
CREATE INDEX IF NOT EXISTS "usuario_user_groups_user_id_1df7a96d" ON "usuario_user_groups" ("user_id");
CREATE INDEX IF NOT EXISTS "usuario_user_groups_group_id_e313e18d" ON "usuario_user_groups" ("group_id");
CREATE UNIQUE INDEX "usuario_user_user_permissions_user_id_permission_id_d74a6945_uniq" ON "usuario_user_user_permissions" ("user_id", "permission_id");
CREATE INDEX IF NOT EXISTS "usuario_user_user_permissions_user_id_bfc8eb29" ON "usuario_user_user_permissions" ("user_id");
CREATE INDEX IF NOT EXISTS "usuario_user_user_permissions_permission_id_fae57acd" ON "usuario_user_user_permissions" ("permission_id");
CREATE INDEX IF NOT EXISTS "django_admin_log_content_type_id_c4bce8eb" ON "django_admin_log" ("content_type_id");
CREATE INDEX IF NOT EXISTS "django_admin_log_user_id_c564eba6" ON "django_admin_log" ("user_id");
CREATE INDEX IF NOT EXISTS "usuario_user_institucion_id_45f6ac44" ON "usuario_user" ("institucion_id");
CREATE INDEX IF NOT EXISTS "aceite_registro_aceite_estudiante_id_f9c7fe77" ON "aceite_registro_aceite" ("estudiante_id");
CREATE INDEX IF NOT EXISTS "django_cron_cronjoblog_code_48865653" ON "django_cron_cronjoblog" ("code");
CREATE INDEX IF NOT EXISTS "django_cron_cronjoblog_start_time_d68c0dd9" ON "django_cron_cronjoblog" ("start_time");
CREATE INDEX IF NOT EXISTS "django_cron_cronjoblog_end_time_7918602a" ON "django_cron_cronjoblog" ("end_time");
CREATE INDEX IF NOT EXISTS "django_cron_cronjoblog_ran_at_time_7fed2751" ON "django_cron_cronjoblog" ("ran_at_time");
CREATE INDEX IF NOT EXISTS "django_cron_cronjoblog_code_start_time_ran_at_time_8b50b8fa_idx" ON "django_cron_cronjoblog" ("code", "start_time", "ran_at_time");
CREATE INDEX IF NOT EXISTS "django_cron_cronjoblog_code_start_time_4fc78f9d_idx" ON "django_cron_cronjoblog" ("code", "start_time");
CREATE INDEX IF NOT EXISTS "django_cron_cronjoblog_code_is_success_ran_at_time_84da9606_idx" ON "django_cron_cronjoblog" ("code", "is_success", "ran_at_time");
CREATE TABLE IF NOT EXISTS "auth_permission" ("id" integer NOT NULL PRIMARY KEY AUTOINCREMENT, "content_type_id" integer NOT NULL REFERENCES "django_content_type" ("id") DEFERRABLE INITIALLY DEFERRED, "codename" varchar(100) NOT NULL, "name" varchar(255) NOT NULL);
INSERT INTO "auth_permission" VALUES(1,1,'add_logentry','Can add log entry');
INSERT INTO "auth_permission" VALUES(2,1,'change_logentry','Can change log entry');
INSERT INTO "auth_permission" VALUES(3,1,'delete_logentry','Can delete log entry');
INSERT INTO "auth_permission" VALUES(4,1,'view_logentry','Can view log entry');
INSERT INTO "auth_permission" VALUES(5,2,'add_permission','Can add permission');
INSERT INTO "auth_permission" VALUES(6,2,'change_permission','Can change permission');
INSERT INTO "auth_permission" VALUES(7,2,'delete_permission','Can delete permission');
INSERT INTO "auth_permission" VALUES(8,2,'view_permission','Can view permission');
INSERT INTO "auth_permission" VALUES(9,3,'add_group','Can add group');
INSERT INTO "auth_permission" VALUES(10,3,'change_group','Can change group');
INSERT INTO "auth_permission" VALUES(11,3,'delete_group','Can delete group');
INSERT INTO "auth_permission" VALUES(12,3,'view_group','Can view group');
INSERT INTO "auth_permission" VALUES(13,4,'add_contenttype','Can add content type');
INSERT INTO "auth_permission" VALUES(14,4,'change_contenttype','Can change content type');
INSERT INTO "auth_permission" VALUES(15,4,'delete_contenttype','Can delete content type');
INSERT INTO "auth_permission" VALUES(16,4,'view_contenttype','Can view content type');
INSERT INTO "auth_permission" VALUES(17,5,'add_session','Can add session');
INSERT INTO "auth_permission" VALUES(18,5,'change_session','Can change session');
INSERT INTO "auth_permission" VALUES(19,5,'delete_session','Can delete session');
INSERT INTO "auth_permission" VALUES(20,5,'view_session','Can view session');
INSERT INTO "auth_permission" VALUES(21,6,'add_institucion','Can add institucion');
INSERT INTO "auth_permission" VALUES(22,6,'change_institucion','Can change institucion');
INSERT INTO "auth_permission" VALUES(23,6,'delete_institucion','Can delete institucion');
INSERT INTO "auth_permission" VALUES(24,6,'view_institucion','Can view institucion');
INSERT INTO "auth_permission" VALUES(25,7,'add_user','Can add user');
INSERT INTO "auth_permission" VALUES(26,7,'change_user','Can change user');
INSERT INTO "auth_permission" VALUES(27,7,'delete_user','Can delete user');
INSERT INTO "auth_permission" VALUES(28,7,'view_user','Can view user');
INSERT INTO "auth_permission" VALUES(29,8,'add_estudiante','Can add estudiante');
INSERT INTO "auth_permission" VALUES(30,8,'change_estudiante','Can change estudiante');
INSERT INTO "auth_permission" VALUES(31,8,'delete_estudiante','Can delete estudiante');
INSERT INTO "auth_permission" VALUES(32,8,'view_estudiante','Can view estudiante');
INSERT INTO "auth_permission" VALUES(33,9,'add_institucion','Can add institucion');
INSERT INTO "auth_permission" VALUES(34,9,'change_institucion','Can change institucion');
INSERT INTO "auth_permission" VALUES(35,9,'delete_institucion','Can delete institucion');
INSERT INTO "auth_permission" VALUES(36,9,'view_institucion','Can view institucion');
INSERT INTO "auth_permission" VALUES(37,10,'add_estudiante','Can add estudiante');
INSERT INTO "auth_permission" VALUES(38,10,'change_estudiante','Can change estudiante');
INSERT INTO "auth_permission" VALUES(39,10,'delete_estudiante','Can delete estudiante');
INSERT INTO "auth_permission" VALUES(40,10,'view_estudiante','Can view estudiante');
INSERT INTO "auth_permission" VALUES(41,11,'add_registro_aceite','Can add registro_aceite');
INSERT INTO "auth_permission" VALUES(42,11,'change_registro_aceite','Can change registro_aceite');
INSERT INTO "auth_permission" VALUES(43,11,'delete_registro_aceite','Can delete registro_aceite');
INSERT INTO "auth_permission" VALUES(44,11,'view_registro_aceite','Can view registro_aceite');
INSERT INTO "auth_permission" VALUES(45,12,'add_cronjoblog','Can add cron job log');
INSERT INTO "auth_permission" VALUES(46,12,'change_cronjoblog','Can change cron job log');
INSERT INTO "auth_permission" VALUES(47,12,'delete_cronjoblog','Can delete cron job log');
INSERT INTO "auth_permission" VALUES(48,12,'view_cronjoblog','Can view cron job log');
CREATE UNIQUE INDEX "django_content_type_app_label_model_76bd3d3b_uniq" ON "django_content_type" ("app_label", "model");
CREATE UNIQUE INDEX "auth_group_permissions_group_id_permission_id_0cd325b0_uniq" ON "auth_group_permissions" ("group_id", "permission_id");
CREATE INDEX IF NOT EXISTS "auth_group_permissions_group_id_b120cbf9" ON "auth_group_permissions" ("group_id");
CREATE INDEX IF NOT EXISTS "auth_group_permissions_permission_id_84c5c92e" ON "auth_group_permissions" ("permission_id");
CREATE UNIQUE INDEX "auth_permission_content_type_id_codename_01ab375a_uniq" ON "auth_permission" ("content_type_id", "codename");
CREATE INDEX IF NOT EXISTS "auth_permission_content_type_id_2f476e4b" ON "auth_permission" ("content_type_id");
CREATE INDEX IF NOT EXISTS "django_session_expire_date_a5c62663" ON "django_session" ("expire_date");
CREATE UNIQUE INDEX "usuario_user_groups_user_id_group_id_1b0807de_uniq" ON "usuario_user_groups" ("user_id", "group_id");
CREATE INDEX IF NOT EXISTS "usuario_user_groups_user_id_1df7a96d" ON "usuario_user_groups" ("user_id");
CREATE INDEX IF NOT EXISTS "usuario_user_groups_group_id_e313e18d" ON "usuario_user_groups" ("group_id");
CREATE UNIQUE INDEX "usuario_user_user_permissions_user_id_permission_id_d74a6945_uniq" ON "usuario_user_user_permissions" ("user_id", "permission_id");
CREATE INDEX IF NOT EXISTS "usuario_user_user_permissions_user_id_bfc8eb29" ON "usuario_user_user_permissions" ("user_id");
CREATE INDEX IF NOT EXISTS "usuario_user_user_permissions_permission_id_fae57acd" ON "usuario_user_user_permissions" ("permission_id");
CREATE INDEX IF NOT EXISTS "django_admin_log_content_type_id_c4bce8eb" ON "django_admin_log" ("content_type_id");
CREATE INDEX IF NOT EXISTS "django_admin_log_user_id_c564eba6" ON "django_admin_log" ("user_id");
CREATE INDEX IF NOT EXISTS "usuario_user_institucion_id_45f6ac44" ON "usuario_user" ("institucion_id");
CREATE INDEX IF NOT EXISTS "aceite_registro_aceite_estudiante_id_f9c7fe77" ON "aceite_registro_aceite" ("estudiante_id");
CREATE INDEX IF NOT EXISTS "django_cron_cronjoblog_code_48865653" ON "django_cron_cronjoblog" ("code");
CREATE INDEX IF NOT EXISTS "django_cron_cronjoblog_start_time_d68c0dd9" ON "django_cron_cronjoblog" ("start_time");
CREATE INDEX IF NOT EXISTS "django_cron_cronjoblog_end_time_7918602a" ON "django_cron_cronjoblog" ("end_time");
CREATE INDEX IF NOT EXISTS "django_cron_cronjoblog_ran_at_time_7fed2751" ON "django_cron_cronjoblog" ("ran_at_time");
CREATE INDEX IF NOT EXISTS "django_cron_cronjoblog_code_start_time_ran_at_time_8b50b8fa_idx" ON "django_cron_cronjoblog" ("code", "start_time", "ran_at_time");
CREATE INDEX IF NOT EXISTS "django_cron_cronjoblog_code_start_time_4fc78f9d_idx" ON "django_cron_cronjoblog" ("code", "start_time");
CREATE INDEX IF NOT EXISTS "django_cron_cronjoblog_code_is_success_ran_at_time_84da9606_idx" ON "django_cron_cronjoblog" ("code", "is_success", "ran_at_time");
CREATE TABLE IF NOT EXISTS "django_admin_log" ("id" integer NOT NULL PRIMARY KEY AUTOINCREMENT, "action_time" datetime NOT NULL, "object_id" text NULL, "object_repr" varchar(200) NOT NULL, "change_message" text NOT NULL, "content_type_id" integer NULL REFERENCES "django_content_type" ("id") DEFERRABLE INITIALLY DEFERRED, "user_id" bigint NOT NULL REFERENCES "usuario_user" ("id") DEFERRABLE INITIALLY DEFERRED, "action_flag" smallint unsigned NOT NULL CHECK ("action_flag" >= 0));
INSERT INTO "django_admin_log" VALUES(1,'2021-09-03 00:17:19.637415','1','docentes','[{"added": {}}]',3,1,1);
INSERT INTO "django_admin_log" VALUES(2,'2021-09-03 00:18:42.605434','2','admin','[{"added": {}}]',3,1,1);
INSERT INTO "django_admin_log" VALUES(3,'2021-09-06 03:14:03.357454','1','admin','[{"changed": {"fields": ["Admin proyecto"]}}]',7,1,2);
INSERT INTO "django_admin_log" VALUES(4,'2021-09-06 22:15:48.645876','6','joedoe','',7,1,3);
INSERT INTO "django_admin_log" VALUES(5,'2021-09-06 22:15:49.659829','5','sebas','',7,1,3);
INSERT INTO "django_admin_log" VALUES(6,'2021-09-06 22:15:49.858415','4','scorreah','',7,1,3);
INSERT INTO "django_admin_log" VALUES(7,'2021-09-06 22:47:41.378026','7','gloria','[{"changed": {"fields": ["Admin proyecto"]}}]',7,1,2);
INSERT INTO "django_admin_log" VALUES(8,'2021-09-06 22:49:11.961569','7','gloria','[{"changed": {"fields": ["Groups"]}}]',7,1,2);
INSERT INTO "django_admin_log" VALUES(9,'2021-09-06 22:50:32.104814','7','gloria','',7,1,3);
INSERT INTO "django_admin_log" VALUES(10,'2021-09-08 22:10:25.375526','3','Estudiante object (3)','[{"added": {}}]',10,1,1);
INSERT INTO "django_admin_log" VALUES(11,'2021-09-12 23:10:47.019726','8','scorreah','',7,1,3);
CREATE UNIQUE INDEX "django_content_type_app_label_model_76bd3d3b_uniq" ON "django_content_type" ("app_label", "model");
CREATE UNIQUE INDEX "auth_group_permissions_group_id_permission_id_0cd325b0_uniq" ON "auth_group_permissions" ("group_id", "permission_id");
CREATE INDEX IF NOT EXISTS "auth_group_permissions_group_id_b120cbf9" ON "auth_group_permissions" ("group_id");
CREATE INDEX IF NOT EXISTS "auth_group_permissions_permission_id_84c5c92e" ON "auth_group_permissions" ("permission_id");
CREATE UNIQUE INDEX "auth_permission_content_type_id_codename_01ab375a_uniq" ON "auth_permission" ("content_type_id", "codename");
CREATE INDEX IF NOT EXISTS "auth_permission_content_type_id_2f476e4b" ON "auth_permission" ("content_type_id");
CREATE INDEX IF NOT EXISTS "django_session_expire_date_a5c62663" ON "django_session" ("expire_date");
CREATE UNIQUE INDEX "usuario_user_groups_user_id_group_id_1b0807de_uniq" ON "usuario_user_groups" ("user_id", "group_id");
CREATE INDEX IF NOT EXISTS "usuario_user_groups_user_id_1df7a96d" ON "usuario_user_groups" ("user_id");
CREATE INDEX IF NOT EXISTS "usuario_user_groups_group_id_e313e18d" ON "usuario_user_groups" ("group_id");
CREATE UNIQUE INDEX "usuario_user_user_permissions_user_id_permission_id_d74a6945_uniq" ON "usuario_user_user_permissions" ("user_id", "permission_id");
CREATE INDEX IF NOT EXISTS "usuario_user_user_permissions_user_id_bfc8eb29" ON "usuario_user_user_permissions" ("user_id");
CREATE INDEX IF NOT EXISTS "usuario_user_user_permissions_permission_id_fae57acd" ON "usuario_user_user_permissions" ("permission_id");
CREATE INDEX IF NOT EXISTS "django_admin_log_content_type_id_c4bce8eb" ON "django_admin_log" ("content_type_id");
CREATE INDEX IF NOT EXISTS "django_admin_log_user_id_c564eba6" ON "django_admin_log" ("user_id");
CREATE INDEX IF NOT EXISTS "usuario_user_institucion_id_45f6ac44" ON "usuario_user" ("institucion_id");
CREATE INDEX IF NOT EXISTS "aceite_registro_aceite_estudiante_id_f9c7fe77" ON "aceite_registro_aceite" ("estudiante_id");
CREATE INDEX IF NOT EXISTS "django_cron_cronjoblog_code_48865653" ON "django_cron_cronjoblog" ("code");
CREATE INDEX IF NOT EXISTS "django_cron_cronjoblog_start_time_d68c0dd9" ON "django_cron_cronjoblog" ("start_time");
CREATE INDEX IF NOT EXISTS "django_cron_cronjoblog_end_time_7918602a" ON "django_cron_cronjoblog" ("end_time");
CREATE INDEX IF NOT EXISTS "django_cron_cronjoblog_ran_at_time_7fed2751" ON "django_cron_cronjoblog" ("ran_at_time");
CREATE INDEX IF NOT EXISTS "django_cron_cronjoblog_code_start_time_ran_at_time_8b50b8fa_idx" ON "django_cron_cronjoblog" ("code", "start_time", "ran_at_time");
CREATE INDEX IF NOT EXISTS "django_cron_cronjoblog_code_start_time_4fc78f9d_idx" ON "django_cron_cronjoblog" ("code", "start_time");
CREATE INDEX IF NOT EXISTS "django_cron_cronjoblog_code_is_success_ran_at_time_84da9606_idx" ON "django_cron_cronjoblog" ("code", "is_success", "ran_at_time");
CREATE TABLE IF NOT EXISTS "django_content_type" ("id" integer NOT NULL PRIMARY KEY AUTOINCREMENT, "app_label" varchar(100) NOT NULL, "model" varchar(100) NOT NULL);
INSERT INTO "django_content_type" VALUES(1,'admin','logentry');
INSERT INTO "django_content_type" VALUES(2,'auth','permission');
INSERT INTO "django_content_type" VALUES(3,'auth','group');
INSERT INTO "django_content_type" VALUES(4,'contenttypes','contenttype');
INSERT INTO "django_content_type" VALUES(5,'sessions','session');
INSERT INTO "django_content_type" VALUES(6,'usuario','institucion');
INSERT INTO "django_content_type" VALUES(7,'usuario','user');
INSERT INTO "django_content_type" VALUES(8,'usuario','estudiante');
INSERT INTO "django_content_type" VALUES(9,'instituciones','institucion');
INSERT INTO "django_content_type" VALUES(10,'estudiante','estudiante');
INSERT INTO "django_content_type" VALUES(11,'aceite','registro_aceite');
INSERT INTO "django_content_type" VALUES(12,'django_cron','cronjoblog');
CREATE UNIQUE INDEX "django_content_type_app_label_model_76bd3d3b_uniq" ON "django_content_type" ("app_label", "model");
CREATE UNIQUE INDEX "auth_group_permissions_group_id_permission_id_0cd325b0_uniq" ON "auth_group_permissions" ("group_id", "permission_id");
CREATE INDEX IF NOT EXISTS "auth_group_permissions_group_id_b120cbf9" ON "auth_group_permissions" ("group_id");
CREATE INDEX IF NOT EXISTS "auth_group_permissions_permission_id_84c5c92e" ON "auth_group_permissions" ("permission_id");
CREATE UNIQUE INDEX "auth_permission_content_type_id_codename_01ab375a_uniq" ON "auth_permission" ("content_type_id", "codename");
CREATE INDEX IF NOT EXISTS "auth_permission_content_type_id_2f476e4b" ON "auth_permission" ("content_type_id");
CREATE INDEX IF NOT EXISTS "django_session_expire_date_a5c62663" ON "django_session" ("expire_date");
CREATE UNIQUE INDEX "usuario_user_groups_user_id_group_id_1b0807de_uniq" ON "usuario_user_groups" ("user_id", "group_id");
CREATE INDEX IF NOT EXISTS "usuario_user_groups_user_id_1df7a96d" ON "usuario_user_groups" ("user_id");
CREATE INDEX IF NOT EXISTS "usuario_user_groups_group_id_e313e18d" ON "usuario_user_groups" ("group_id");
CREATE UNIQUE INDEX "usuario_user_user_permissions_user_id_permission_id_d74a6945_uniq" ON "usuario_user_user_permissions" ("user_id", "permission_id");
CREATE INDEX IF NOT EXISTS "usuario_user_user_permissions_user_id_bfc8eb29" ON "usuario_user_user_permissions" ("user_id");
CREATE INDEX IF NOT EXISTS "usuario_user_user_permissions_permission_id_fae57acd" ON "usuario_user_user_permissions" ("permission_id");
CREATE INDEX IF NOT EXISTS "django_admin_log_content_type_id_c4bce8eb" ON "django_admin_log" ("content_type_id");
CREATE INDEX IF NOT EXISTS "django_admin_log_user_id_c564eba6" ON "django_admin_log" ("user_id");
CREATE INDEX IF NOT EXISTS "usuario_user_institucion_id_45f6ac44" ON "usuario_user" ("institucion_id");
CREATE INDEX IF NOT EXISTS "aceite_registro_aceite_estudiante_id_f9c7fe77" ON "aceite_registro_aceite" ("estudiante_id");
CREATE INDEX IF NOT EXISTS "django_cron_cronjoblog_code_48865653" ON "django_cron_cronjoblog" ("code");
CREATE INDEX IF NOT EXISTS "django_cron_cronjoblog_start_time_d68c0dd9" ON "django_cron_cronjoblog" ("start_time");
CREATE INDEX IF NOT EXISTS "django_cron_cronjoblog_end_time_7918602a" ON "django_cron_cronjoblog" ("end_time");
CREATE INDEX IF NOT EXISTS "django_cron_cronjoblog_ran_at_time_7fed2751" ON "django_cron_cronjoblog" ("ran_at_time");
CREATE INDEX IF NOT EXISTS "django_cron_cronjoblog_code_start_time_ran_at_time_8b50b8fa_idx" ON "django_cron_cronjoblog" ("code", "start_time", "ran_at_time");
CREATE INDEX IF NOT EXISTS "django_cron_cronjoblog_code_start_time_4fc78f9d_idx" ON "django_cron_cronjoblog" ("code", "start_time");
CREATE INDEX IF NOT EXISTS "django_cron_cronjoblog_code_is_success_ran_at_time_84da9606_idx" ON "django_cron_cronjoblog" ("code", "is_success", "ran_at_time");
CREATE TABLE IF NOT EXISTS "django_cron_cronjoblog" ("id" integer NOT NULL PRIMARY KEY AUTOINCREMENT, "code" varchar(64) NOT NULL, "start_time" datetime NOT NULL, "end_time" datetime NOT NULL, "is_success" bool NOT NULL, "ran_at_time" time NULL, "message" text NOT NULL);
INSERT INTO "django_cron_cronjoblog" VALUES(1,'my_app.Backup','2021-09-12 20:54:14.081032','2021-09-12 20:54:14.100498',1,NULL,'');
INSERT INTO "django_cron_cronjoblog" VALUES(2,'my_app.Backup','2021-09-12 23:08:04.517968','2021-09-12 23:08:04.534973',1,NULL,'');
CREATE UNIQUE INDEX "django_content_type_app_label_model_76bd3d3b_uniq" ON "django_content_type" ("app_label", "model");
CREATE UNIQUE INDEX "auth_group_permissions_group_id_permission_id_0cd325b0_uniq" ON "auth_group_permissions" ("group_id", "permission_id");
CREATE INDEX IF NOT EXISTS "auth_group_permissions_group_id_b120cbf9" ON "auth_group_permissions" ("group_id");
CREATE INDEX IF NOT EXISTS "auth_group_permissions_permission_id_84c5c92e" ON "auth_group_permissions" ("permission_id");
CREATE UNIQUE INDEX "auth_permission_content_type_id_codename_01ab375a_uniq" ON "auth_permission" ("content_type_id", "codename");
CREATE INDEX IF NOT EXISTS "auth_permission_content_type_id_2f476e4b" ON "auth_permission" ("content_type_id");
CREATE INDEX IF NOT EXISTS "django_session_expire_date_a5c62663" ON "django_session" ("expire_date");
CREATE UNIQUE INDEX "usuario_user_groups_user_id_group_id_1b0807de_uniq" ON "usuario_user_groups" ("user_id", "group_id");
CREATE INDEX IF NOT EXISTS "usuario_user_groups_user_id_1df7a96d" ON "usuario_user_groups" ("user_id");
CREATE INDEX IF NOT EXISTS "usuario_user_groups_group_id_e313e18d" ON "usuario_user_groups" ("group_id");
CREATE UNIQUE INDEX "usuario_user_user_permissions_user_id_permission_id_d74a6945_uniq" ON "usuario_user_user_permissions" ("user_id", "permission_id");
CREATE INDEX IF NOT EXISTS "usuario_user_user_permissions_user_id_bfc8eb29" ON "usuario_user_user_permissions" ("user_id");
CREATE INDEX IF NOT EXISTS "usuario_user_user_permissions_permission_id_fae57acd" ON "usuario_user_user_permissions" ("permission_id");
CREATE INDEX IF NOT EXISTS "django_admin_log_content_type_id_c4bce8eb" ON "django_admin_log" ("content_type_id");
CREATE INDEX IF NOT EXISTS "django_admin_log_user_id_c564eba6" ON "django_admin_log" ("user_id");
CREATE INDEX IF NOT EXISTS "usuario_user_institucion_id_45f6ac44" ON "usuario_user" ("institucion_id");
CREATE INDEX IF NOT EXISTS "aceite_registro_aceite_estudiante_id_f9c7fe77" ON "aceite_registro_aceite" ("estudiante_id");
CREATE INDEX IF NOT EXISTS "django_cron_cronjoblog_code_48865653" ON "django_cron_cronjoblog" ("code");
CREATE INDEX IF NOT EXISTS "django_cron_cronjoblog_start_time_d68c0dd9" ON "django_cron_cronjoblog" ("start_time");
CREATE INDEX IF NOT EXISTS "django_cron_cronjoblog_end_time_7918602a" ON "django_cron_cronjoblog" ("end_time");
CREATE INDEX IF NOT EXISTS "django_cron_cronjoblog_ran_at_time_7fed2751" ON "django_cron_cronjoblog" ("ran_at_time");
CREATE INDEX IF NOT EXISTS "django_cron_cronjoblog_code_start_time_ran_at_time_8b50b8fa_idx" ON "django_cron_cronjoblog" ("code", "start_time", "ran_at_time");
CREATE INDEX IF NOT EXISTS "django_cron_cronjoblog_code_start_time_4fc78f9d_idx" ON "django_cron_cronjoblog" ("code", "start_time");
CREATE INDEX IF NOT EXISTS "django_cron_cronjoblog_code_is_success_ran_at_time_84da9606_idx" ON "django_cron_cronjoblog" ("code", "is_success", "ran_at_time");
CREATE TABLE IF NOT EXISTS "django_migrations" ("id" integer NOT NULL PRIMARY KEY AUTOINCREMENT, "app" varchar(255) NOT NULL, "name" varchar(255) NOT NULL, "applied" datetime NOT NULL);
INSERT INTO "django_migrations" VALUES(1,'contenttypes','0001_initial','2021-08-28 22:45:45.822737');
INSERT INTO "django_migrations" VALUES(2,'contenttypes','0002_remove_content_type_name','2021-08-28 22:45:45.843742');
INSERT INTO "django_migrations" VALUES(3,'auth','0001_initial','2021-08-28 22:45:45.872748');
INSERT INTO "django_migrations" VALUES(4,'auth','0002_alter_permission_name_max_length','2021-08-28 22:45:45.880750');
INSERT INTO "django_migrations" VALUES(5,'auth','0003_alter_user_email_max_length','2021-08-28 22:45:45.887751');
INSERT INTO "django_migrations" VALUES(6,'auth','0004_alter_user_username_opts','2021-08-28 22:45:45.898754');
INSERT INTO "django_migrations" VALUES(7,'auth','0005_alter_user_last_login_null','2021-08-28 22:45:45.904755');
INSERT INTO "django_migrations" VALUES(8,'auth','0006_require_contenttypes_0002','2021-08-28 22:45:45.913757');
INSERT INTO "django_migrations" VALUES(9,'auth','0007_alter_validators_add_error_messages','2021-08-28 22:45:45.924759');
INSERT INTO "django_migrations" VALUES(10,'auth','0008_alter_user_username_max_length','2021-08-28 22:45:45.935762');
INSERT INTO "django_migrations" VALUES(11,'auth','0009_alter_user_last_name_max_length','2021-08-28 22:45:45.947765');
INSERT INTO "django_migrations" VALUES(12,'auth','0010_alter_group_name_max_length','2021-08-28 22:45:45.954767');
INSERT INTO "django_migrations" VALUES(13,'auth','0011_update_proxy_permissions','2021-08-28 22:45:45.964769');
INSERT INTO "django_migrations" VALUES(14,'auth','0012_alter_user_first_name_max_length','2021-08-28 22:45:45.978772');
INSERT INTO "django_migrations" VALUES(19,'sessions','0001_initial','2021-08-28 22:45:46.151810');
INSERT INTO "django_migrations" VALUES(20,'usuario','0001_initial','2021-09-03 00:07:48.159029');
INSERT INTO "django_migrations" VALUES(21,'admin','0001_initial','2021-09-03 00:07:48.200040');
INSERT INTO "django_migrations" VALUES(22,'admin','0002_logentry_remove_auto_add','2021-09-03 00:07:48.217043');
INSERT INTO "django_migrations" VALUES(23,'admin','0003_logentry_add_action_flag_choices','2021-09-03 00:07:48.244049');
INSERT INTO "django_migrations" VALUES(24,'estudiante','0001_initial','2021-09-03 00:07:48.259052');
INSERT INTO "django_migrations" VALUES(25,'instituciones','0001_initial','2021-09-03 00:07:48.271057');
INSERT INTO "django_migrations" VALUES(26,'usuario','0002_auto_20210902_1907','2021-09-03 00:07:48.305063');
INSERT INTO "django_migrations" VALUES(27,'estudiante','0002_alter_estudiante_barrio','2021-09-05 19:16:31.832019');
INSERT INTO "django_migrations" VALUES(28,'estudiante','0003_alter_estudiante_options','2021-09-06 02:42:01.539444');
INSERT INTO "django_migrations" VALUES(29,'instituciones','0002_alter_institucion_options','2021-09-06 02:46:11.089100');
INSERT INTO "django_migrations" VALUES(30,'usuario','0003_alter_user_options','2021-09-06 02:46:11.232541');
INSERT INTO "django_migrations" VALUES(31,'aceite','0001_initial','2021-09-08 22:04:33.494161');
INSERT INTO "django_migrations" VALUES(32,'django_cron','0001_initial','2021-09-12 20:52:02.099102');
INSERT INTO "django_migrations" VALUES(33,'django_cron','0002_remove_max_length_from_CronJobLog_message','2021-09-12 20:52:02.111104');
CREATE UNIQUE INDEX "django_content_type_app_label_model_76bd3d3b_uniq" ON "django_content_type" ("app_label", "model");
CREATE UNIQUE INDEX "auth_group_permissions_group_id_permission_id_0cd325b0_uniq" ON "auth_group_permissions" ("group_id", "permission_id");
CREATE INDEX IF NOT EXISTS "auth_group_permissions_group_id_b120cbf9" ON "auth_group_permissions" ("group_id");
CREATE INDEX IF NOT EXISTS "auth_group_permissions_permission_id_84c5c92e" ON "auth_group_permissions" ("permission_id");
CREATE UNIQUE INDEX "auth_permission_content_type_id_codename_01ab375a_uniq" ON "auth_permission" ("content_type_id", "codename");
CREATE INDEX IF NOT EXISTS "auth_permission_content_type_id_2f476e4b" ON "auth_permission" ("content_type_id");
CREATE INDEX IF NOT EXISTS "django_session_expire_date_a5c62663" ON "django_session" ("expire_date");
CREATE UNIQUE INDEX "usuario_user_groups_user_id_group_id_1b0807de_uniq" ON "usuario_user_groups" ("user_id", "group_id");
CREATE INDEX IF NOT EXISTS "usuario_user_groups_user_id_1df7a96d" ON "usuario_user_groups" ("user_id");
CREATE INDEX IF NOT EXISTS "usuario_user_groups_group_id_e313e18d" ON "usuario_user_groups" ("group_id");
CREATE UNIQUE INDEX "usuario_user_user_permissions_user_id_permission_id_d74a6945_uniq" ON "usuario_user_user_permissions" ("user_id", "permission_id");
CREATE INDEX IF NOT EXISTS "usuario_user_user_permissions_user_id_bfc8eb29" ON "usuario_user_user_permissions" ("user_id");
CREATE INDEX IF NOT EXISTS "usuario_user_user_permissions_permission_id_fae57acd" ON "usuario_user_user_permissions" ("permission_id");
CREATE INDEX IF NOT EXISTS "django_admin_log_content_type_id_c4bce8eb" ON "django_admin_log" ("content_type_id");
CREATE INDEX IF NOT EXISTS "django_admin_log_user_id_c564eba6" ON "django_admin_log" ("user_id");
CREATE INDEX IF NOT EXISTS "usuario_user_institucion_id_45f6ac44" ON "usuario_user" ("institucion_id");
CREATE INDEX IF NOT EXISTS "aceite_registro_aceite_estudiante_id_f9c7fe77" ON "aceite_registro_aceite" ("estudiante_id");
CREATE INDEX IF NOT EXISTS "django_cron_cronjoblog_code_48865653" ON "django_cron_cronjoblog" ("code");
CREATE INDEX IF NOT EXISTS "django_cron_cronjoblog_start_time_d68c0dd9" ON "django_cron_cronjoblog" ("start_time");
CREATE INDEX IF NOT EXISTS "django_cron_cronjoblog_end_time_7918602a" ON "django_cron_cronjoblog" ("end_time");
CREATE INDEX IF NOT EXISTS "django_cron_cronjoblog_ran_at_time_7fed2751" ON "django_cron_cronjoblog" ("ran_at_time");
CREATE INDEX IF NOT EXISTS "django_cron_cronjoblog_code_start_time_ran_at_time_8b50b8fa_idx" ON "django_cron_cronjoblog" ("code", "start_time", "ran_at_time");
CREATE INDEX IF NOT EXISTS "django_cron_cronjoblog_code_start_time_4fc78f9d_idx" ON "django_cron_cronjoblog" ("code", "start_time");
CREATE INDEX IF NOT EXISTS "django_cron_cronjoblog_code_is_success_ran_at_time_84da9606_idx" ON "django_cron_cronjoblog" ("code", "is_success", "ran_at_time");
CREATE TABLE IF NOT EXISTS "django_session" ("session_key" varchar(40) NOT NULL PRIMARY KEY, "session_data" text NOT NULL, "expire_date" datetime NOT NULL);
INSERT INTO "django_session" VALUES('81gw5aqqnygym4kzkh7hxvtp0z6sqkqn','.eJxVjM0OwiAQhN-FsyEs_QE8evcZyO6ySNW0SWlPxndXkh50jvN9My8Vcd9K3KuscUrqrECdfjtCfsjcQLrjfFs0L_O2TqSbog9a9XVJ8rwc7t9BwVq-axeSZexATM-ecyAGK2BHliE7GrgL3gn5FscJekIDnnyXMY9iIKj3B_WkOEM:1mLwx0:p4qQLZaV6I08C__HZ3V2_bgY3bO0vL5oze4C-3PgLQg','2021-09-17 00:20:58.943274');
INSERT INTO "django_session" VALUES('xoc9ll389gv0tw1mfq2vxa7g1qvnwmz2','.eJxVjM0OwiAQhN-FsyEs_QE8evcZyO6ySNW0SWlPxndXkh50jvN9My8Vcd9K3KuscUrqrECdfjtCfsjcQLrjfFs0L_O2TqSbog9a9XVJ8rwc7t9BwVq-axeSZexATM-ecyAGK2BHliE7GrgL3gn5FscJekIDnnyXMY9iIKj3B_WkOEM:1mM0oX:VcaRcmCjO8D9Z_p-ZZ0Po55MCjmB2VDQu4OfrOp53vc','2021-09-17 04:28:29.449670');
INSERT INTO "django_session" VALUES('04qz1d0lslv6sum0147f6j8oksqzeamh','.eJxVjM0OwiAQhN-FsyEs_QE8evcZyO6ySNW0SWlPxndXkh50jvN9My8Vcd9K3KuscUrqrECdfjtCfsjcQLrjfFs0L_O2TqSbog9a9XVJ8rwc7t9BwVq-axeSZexATM-ecyAGK2BHliE7GrgL3gn5FscJekIDnnyXMY9iIKj3B_WkOEM:1mNNME:jg38wUQJ3WqG8tM5Vwj4P4wOAwHPQhf4-On8zgqU5Mg','2021-09-20 22:44:54.225580');
INSERT INTO "django_session" VALUES('b718hiyf4au837ehgnc0729a41ovbabo','.eJxVjMsOgjAUBf-la9NYWtpbl-75hua-ENRAQmFl_HclYaHbMzPnZQpu61C2qksZxVxMMqffjZAfOu1A7jjdZsvztC4j2V2xB622m0Wf18P9OxiwDt-a2J-FfB_BNY1mYKZWU-81AWfNgUUBKCXpg3qMrXOYgCQKAIbo0bw_Cag4tg:1mNNRB:hW1ITPjdsD-LSSiqKQ-VLuojiBUNgy7KED_iRNlxtpw','2021-09-20 22:50:01.184919');
INSERT INTO "django_session" VALUES('f6kpsb8nx72dh337xcmm24p8dd0xoxrc','.eJxVjM0OwiAQhN-FsyEs_QE8evcZyO6ySNW0SWlPxndXkh50jvN9My8Vcd9K3KuscUrqrECdfjtCfsjcQLrjfFs0L_O2TqSbog9a9XVJ8rwc7t9BwVq-axeSZexATM-ecyAGK2BHliE7GrgL3gn5FscJekIDnnyXMY9iIKj3B_WkOEM:1mNjVF:4Y3Y5mwL3qXvxZABzQDrBU5fYmKxnqJrEC_h7MYEETo','2021-09-21 22:23:41.424007');
INSERT INTO "django_session" VALUES('gbl7chmbxtv6ypqpr8u5lvhgwyy2ur4d','.eJxVjM0OwiAQhN-FsyEs_QE8evcZyO6ySNW0SWlPxndXkh50jvN9My8Vcd9K3KuscUrqrECdfjtCfsjcQLrjfFs0L_O2TqSbog9a9XVJ8rwc7t9BwVq-axeSZexATM-ecyAGK2BHliE7GrgL3gn5FscJekIDnnyXMY9iIKj3B_WkOEM:1mO5kD:gQs4PSeVQ0CYmZQwkTZbAhU50XNOCk68jLkxE3u-TJY','2021-09-22 22:08:37.893916');
INSERT INTO "django_session" VALUES('4nw4wgkr2ovcil260ef4xzi5ygx6zcys','.eJxVjM0OwiAQhN-FsyEs_QE8evcZyO6ySNW0SWlPxndXkh50jvN9My8Vcd9K3KuscUrqrECdfjtCfsjcQLrjfFs0L_O2TqSbog9a9XVJ8rwc7t9BwVq-axeSZexATM-ecyAGK2BHliE7GrgL3gn5FscJekIDnnyXMY9iIKj3B_WkOEM:1mO5l4:s5B87N_oskiqyt5CCZjofZ4VXwpixySV9QViG096cFk','2021-09-22 22:09:30.840555');
INSERT INTO "django_session" VALUES('dsg9d1pdlxoeaqvoj7a6flw6a5chna85','.eJxVjM0OwiAQhN-FsyEs_QE8evcZyO6ySNW0SWlPxndXkh50jvN9My8Vcd9K3KuscUrqrECdfjtCfsjcQLrjfFs0L_O2TqSbog9a9XVJ8rwc7t9BwVq-axeSZexATM-ecyAGK2BHliE7GrgL3gn5FscJekIDnnyXMY9iIKj3B_WkOEM:1mOM6s:L7UYmVZZUbkEN58qBKxNzsv48DRn0ix6-z4SMKYtawU','2021-09-23 15:37:06.852329');
INSERT INTO "django_session" VALUES('juqgyr7vrrtbqzshp9so3onx54emodxw','.eJxVjM0OwiAQhN-FsyEs_QE8evcZyO6ySNW0SWlPxndXkh50jvN9My8Vcd9K3KuscUrqrECdfjtCfsjcQLrjfFs0L_O2TqSbog9a9XVJ8rwc7t9BwVq-axeSZexATM-ecyAGK2BHliE7GrgL3gn5FscJekIDnnyXMY9iIKj3B_WkOEM:1mOMAr:JcksvKLdKnsdI074_TZoJYS8-YEN1CiBi8GeJ7mmMa0','2021-09-23 15:41:13.345018');
INSERT INTO "django_session" VALUES('k319pgnqok92iknpac9f5i1wpvbqs9x7','.eJxVjM0OwiAQhN-FsyEs_QE8evcZyO6ySNW0SWlPxndXkh50jvN9My8Vcd9K3KuscUrqrECdfjtCfsjcQLrjfFs0L_O2TqSbog9a9XVJ8rwc7t9BwVq-axeSZexATM-ecyAGK2BHliE7GrgL3gn5FscJekIDnnyXMY9iIKj3B_WkOEM:1mOMei:obmLhVXguEKWo9KpH5svuzbuG9TiJxDqbxQ82OZM2RM','2021-09-23 16:12:04.835189');
INSERT INTO "django_session" VALUES('x38d46i8vis2ubox6b3xf08kmdohnuyd','.eJxVjM0OwiAQhN-FsyEs_QE8evcZyO6ySNW0SWlPxndXkh50jvN9My8Vcd9K3KuscUrqrECdfjtCfsjcQLrjfFs0L_O2TqSbog9a9XVJ8rwc7t9BwVq-axeSZexATM-ecyAGK2BHliE7GrgL3gn5FscJekIDnnyXMY9iIKj3B_WkOEM:1mOMgh:AqGCxVMPxUpdMYqMfaAkgN8IyxqdaGe1xYYLmbMcWcE','2021-09-23 16:14:07.923299');
INSERT INTO "django_session" VALUES('1p2dt2rkxd8776ygzr6lyx7r0vtogutf','.eJxVjM0OwiAQhN-FsyEs_QE8evcZyO6ySNW0SWlPxndXkh50jvN9My8Vcd9K3KuscUrqrECdfjtCfsjcQLrjfFs0L_O2TqSbog9a9XVJ8rwc7t9BwVq-axeSZexATM-ecyAGK2BHliE7GrgL3gn5FscJekIDnnyXMY9iIKj3B_WkOEM:1mOMui:TNCzLsSc9e6BmnHKHQu1hLZvrDw7PTO3Mfg88bf5rO0','2021-09-23 16:28:36.087801');
INSERT INTO "django_session" VALUES('klerkbsm2sm00ziobo5o3flipirw9d9p','.eJxVjM0OwiAQhN-FsyEs_QE8evcZyO6ySNW0SWlPxndXkh50jvN9My8Vcd9K3KuscUrqrECdfjtCfsjcQLrjfFs0L_O2TqSbog9a9XVJ8rwc7t9BwVq-axeSZexATM-ecyAGK2BHliE7GrgL3gn5FscJekIDnnyXMY9iIKj3B_WkOEM:1mPYCG:FxPRjgn5n5vK_O373l04DYCVtGqhL4MueqwNxD4kgP4','2021-09-26 22:43:36.014151');
INSERT INTO "django_session" VALUES('rxsaqjqogdlcyvl3qca9qumnu5u43l5c','.eJxVjM0OwiAQhN-FsyEs_QE8evcZyO6ySNW0SWlPxndXkh50jvN9My8Vcd9K3KuscUrqrECdfjtCfsjcQLrjfFs0L_O2TqSbog9a9XVJ8rwc7t9BwVq-axeSZexATM-ecyAGK2BHliE7GrgL3gn5FscJekIDnnyXMY9iIKj3B_WkOEM:1mPYeL:Tnjspj1G4PYAJCoN-pIHOqbe76Cqzr_8xOuPah6aU_Q','2021-09-26 23:12:37.584293');
CREATE UNIQUE INDEX "django_content_type_app_label_model_76bd3d3b_uniq" ON "django_content_type" ("app_label", "model");
CREATE UNIQUE INDEX "auth_group_permissions_group_id_permission_id_0cd325b0_uniq" ON "auth_group_permissions" ("group_id", "permission_id");
CREATE INDEX IF NOT EXISTS "auth_group_permissions_group_id_b120cbf9" ON "auth_group_permissions" ("group_id");
CREATE INDEX IF NOT EXISTS "auth_group_permissions_permission_id_84c5c92e" ON "auth_group_permissions" ("permission_id");
CREATE UNIQUE INDEX "auth_permission_content_type_id_codename_01ab375a_uniq" ON "auth_permission" ("content_type_id", "codename");
CREATE INDEX IF NOT EXISTS "auth_permission_content_type_id_2f476e4b" ON "auth_permission" ("content_type_id");
CREATE INDEX IF NOT EXISTS "django_session_expire_date_a5c62663" ON "django_session" ("expire_date");
CREATE UNIQUE INDEX "usuario_user_groups_user_id_group_id_1b0807de_uniq" ON "usuario_user_groups" ("user_id", "group_id");
CREATE INDEX IF NOT EXISTS "usuario_user_groups_user_id_1df7a96d" ON "usuario_user_groups" ("user_id");
CREATE INDEX IF NOT EXISTS "usuario_user_groups_group_id_e313e18d" ON "usuario_user_groups" ("group_id");
CREATE UNIQUE INDEX "usuario_user_user_permissions_user_id_permission_id_d74a6945_uniq" ON "usuario_user_user_permissions" ("user_id", "permission_id");
CREATE INDEX IF NOT EXISTS "usuario_user_user_permissions_user_id_bfc8eb29" ON "usuario_user_user_permissions" ("user_id");
CREATE INDEX IF NOT EXISTS "usuario_user_user_permissions_permission_id_fae57acd" ON "usuario_user_user_permissions" ("permission_id");
CREATE INDEX IF NOT EXISTS "django_admin_log_content_type_id_c4bce8eb" ON "django_admin_log" ("content_type_id");
CREATE INDEX IF NOT EXISTS "django_admin_log_user_id_c564eba6" ON "django_admin_log" ("user_id");
CREATE INDEX IF NOT EXISTS "usuario_user_institucion_id_45f6ac44" ON "usuario_user" ("institucion_id");
CREATE INDEX IF NOT EXISTS "aceite_registro_aceite_estudiante_id_f9c7fe77" ON "aceite_registro_aceite" ("estudiante_id");
CREATE INDEX IF NOT EXISTS "django_cron_cronjoblog_code_48865653" ON "django_cron_cronjoblog" ("code");
CREATE INDEX IF NOT EXISTS "django_cron_cronjoblog_start_time_d68c0dd9" ON "django_cron_cronjoblog" ("start_time");
CREATE INDEX IF NOT EXISTS "django_cron_cronjoblog_end_time_7918602a" ON "django_cron_cronjoblog" ("end_time");
CREATE INDEX IF NOT EXISTS "django_cron_cronjoblog_ran_at_time_7fed2751" ON "django_cron_cronjoblog" ("ran_at_time");
CREATE INDEX IF NOT EXISTS "django_cron_cronjoblog_code_start_time_ran_at_time_8b50b8fa_idx" ON "django_cron_cronjoblog" ("code", "start_time", "ran_at_time");
CREATE INDEX IF NOT EXISTS "django_cron_cronjoblog_code_start_time_4fc78f9d_idx" ON "django_cron_cronjoblog" ("code", "start_time");
CREATE INDEX IF NOT EXISTS "django_cron_cronjoblog_code_is_success_ran_at_time_84da9606_idx" ON "django_cron_cronjoblog" ("code", "is_success", "ran_at_time");
CREATE TABLE IF NOT EXISTS "estudiante_estudiante" ("id" integer NOT NULL PRIMARY KEY AUTOINCREMENT, "grado" varchar(10) NOT NULL, "edad" integer NOT NULL, "telefono" integer NOT NULL, "aceite_recolectado" integer NOT NULL, "puntos" integer NOT NULL, "user_id" bigint NOT NULL UNIQUE REFERENCES "usuario_user" ("id") DEFERRABLE INITIALLY DEFERRED, "barrio" varchar(200) NOT NULL);
INSERT INTO "estudiante_estudiante" VALUES(3,'11',14,3006593697,0,0,2,'Comuna 6');
CREATE UNIQUE INDEX "django_content_type_app_label_model_76bd3d3b_uniq" ON "django_content_type" ("app_label", "model");
CREATE UNIQUE INDEX "auth_group_permissions_group_id_permission_id_0cd325b0_uniq" ON "auth_group_permissions" ("group_id", "permission_id");
CREATE INDEX IF NOT EXISTS "auth_group_permissions_group_id_b120cbf9" ON "auth_group_permissions" ("group_id");
CREATE INDEX IF NOT EXISTS "auth_group_permissions_permission_id_84c5c92e" ON "auth_group_permissions" ("permission_id");
CREATE UNIQUE INDEX "auth_permission_content_type_id_codename_01ab375a_uniq" ON "auth_permission" ("content_type_id", "codename");
CREATE INDEX IF NOT EXISTS "auth_permission_content_type_id_2f476e4b" ON "auth_permission" ("content_type_id");
CREATE INDEX IF NOT EXISTS "django_session_expire_date_a5c62663" ON "django_session" ("expire_date");
CREATE UNIQUE INDEX "usuario_user_groups_user_id_group_id_1b0807de_uniq" ON "usuario_user_groups" ("user_id", "group_id");
CREATE INDEX IF NOT EXISTS "usuario_user_groups_user_id_1df7a96d" ON "usuario_user_groups" ("user_id");
CREATE INDEX IF NOT EXISTS "usuario_user_groups_group_id_e313e18d" ON "usuario_user_groups" ("group_id");
CREATE UNIQUE INDEX "usuario_user_user_permissions_user_id_permission_id_d74a6945_uniq" ON "usuario_user_user_permissions" ("user_id", "permission_id");
CREATE INDEX IF NOT EXISTS "usuario_user_user_permissions_user_id_bfc8eb29" ON "usuario_user_user_permissions" ("user_id");
CREATE INDEX IF NOT EXISTS "usuario_user_user_permissions_permission_id_fae57acd" ON "usuario_user_user_permissions" ("permission_id");
CREATE INDEX IF NOT EXISTS "django_admin_log_content_type_id_c4bce8eb" ON "django_admin_log" ("content_type_id");
CREATE INDEX IF NOT EXISTS "django_admin_log_user_id_c564eba6" ON "django_admin_log" ("user_id");
CREATE INDEX IF NOT EXISTS "usuario_user_institucion_id_45f6ac44" ON "usuario_user" ("institucion_id");
CREATE INDEX IF NOT EXISTS "aceite_registro_aceite_estudiante_id_f9c7fe77" ON "aceite_registro_aceite" ("estudiante_id");
CREATE INDEX IF NOT EXISTS "django_cron_cronjoblog_code_48865653" ON "django_cron_cronjoblog" ("code");
CREATE INDEX IF NOT EXISTS "django_cron_cronjoblog_start_time_d68c0dd9" ON "django_cron_cronjoblog" ("start_time");
CREATE INDEX IF NOT EXISTS "django_cron_cronjoblog_end_time_7918602a" ON "django_cron_cronjoblog" ("end_time");
CREATE INDEX IF NOT EXISTS "django_cron_cronjoblog_ran_at_time_7fed2751" ON "django_cron_cronjoblog" ("ran_at_time");
CREATE INDEX IF NOT EXISTS "django_cron_cronjoblog_code_start_time_ran_at_time_8b50b8fa_idx" ON "django_cron_cronjoblog" ("code", "start_time", "ran_at_time");
CREATE INDEX IF NOT EXISTS "django_cron_cronjoblog_code_start_time_4fc78f9d_idx" ON "django_cron_cronjoblog" ("code", "start_time");
CREATE INDEX IF NOT EXISTS "django_cron_cronjoblog_code_is_success_ran_at_time_84da9606_idx" ON "django_cron_cronjoblog" ("code", "is_success", "ran_at_time");
CREATE TABLE IF NOT EXISTS "instituciones_institucion" ("id" integer NOT NULL PRIMARY KEY AUTOINCREMENT, "nombre" varchar(150) NOT NULL, "localidad" varchar(150) NOT NULL, "barrio" varchar(150) NOT NULL, "sede" varchar(150) NULL, "created" datetime NOT NULL, "updated" datetime NOT NULL);
INSERT INTO "instituciones_institucion" VALUES(1,'Blanquizal','Medellin','Comuna 13',NULL,'2021-09-03 00:14:47.337072','2021-09-03 00:14:47.337072');
INSERT INTO "instituciones_institucion" VALUES(2,'Republica de Uruguay','Medellin','Comuna 6',NULL,'2021-09-03 00:15:00.543467','2021-09-03 00:15:00.543467');
INSERT INTO "instituciones_institucion" VALUES(3,'Inem','Medellin','Poblado',NULL,'2021-09-03 00:15:09.928152','2021-09-03 00:15:09.928152');
INSERT INTO "instituciones_institucion" VALUES(4,'Eafit','Medellin','Poblado',NULL,'2021-09-03 00:15:17.398871','2021-09-03 00:15:17.398871');
INSERT INTO "instituciones_institucion" VALUES(5,'Vermont School','Medellin','Poblado',NULL,'2021-09-12 20:53:12.725316','2021-09-12 20:53:12.725316');
INSERT INTO "instituciones_institucion" VALUES(6,'Aspaen Alcázares','Medellin','Poblado',NULL,'2021-09-12 20:54:14.113502','2021-09-12 20:54:14.113502');
CREATE UNIQUE INDEX "django_content_type_app_label_model_76bd3d3b_uniq" ON "django_content_type" ("app_label", "model");
CREATE UNIQUE INDEX "auth_group_permissions_group_id_permission_id_0cd325b0_uniq" ON "auth_group_permissions" ("group_id", "permission_id");
CREATE INDEX IF NOT EXISTS "auth_group_permissions_group_id_b120cbf9" ON "auth_group_permissions" ("group_id");
CREATE INDEX IF NOT EXISTS "auth_group_permissions_permission_id_84c5c92e" ON "auth_group_permissions" ("permission_id");
CREATE UNIQUE INDEX "auth_permission_content_type_id_codename_01ab375a_uniq" ON "auth_permission" ("content_type_id", "codename");
CREATE INDEX IF NOT EXISTS "auth_permission_content_type_id_2f476e4b" ON "auth_permission" ("content_type_id");
CREATE INDEX IF NOT EXISTS "django_session_expire_date_a5c62663" ON "django_session" ("expire_date");
CREATE UNIQUE INDEX "usuario_user_groups_user_id_group_id_1b0807de_uniq" ON "usuario_user_groups" ("user_id", "group_id");
CREATE INDEX IF NOT EXISTS "usuario_user_groups_user_id_1df7a96d" ON "usuario_user_groups" ("user_id");
CREATE INDEX IF NOT EXISTS "usuario_user_groups_group_id_e313e18d" ON "usuario_user_groups" ("group_id");
CREATE UNIQUE INDEX "usuario_user_user_permissions_user_id_permission_id_d74a6945_uniq" ON "usuario_user_user_permissions" ("user_id", "permission_id");
CREATE INDEX IF NOT EXISTS "usuario_user_user_permissions_user_id_bfc8eb29" ON "usuario_user_user_permissions" ("user_id");
CREATE INDEX IF NOT EXISTS "usuario_user_user_permissions_permission_id_fae57acd" ON "usuario_user_user_permissions" ("permission_id");
CREATE INDEX IF NOT EXISTS "django_admin_log_content_type_id_c4bce8eb" ON "django_admin_log" ("content_type_id");
CREATE INDEX IF NOT EXISTS "django_admin_log_user_id_c564eba6" ON "django_admin_log" ("user_id");
CREATE INDEX IF NOT EXISTS "usuario_user_institucion_id_45f6ac44" ON "usuario_user" ("institucion_id");
CREATE INDEX IF NOT EXISTS "aceite_registro_aceite_estudiante_id_f9c7fe77" ON "aceite_registro_aceite" ("estudiante_id");
CREATE INDEX IF NOT EXISTS "django_cron_cronjoblog_code_48865653" ON "django_cron_cronjoblog" ("code");
CREATE INDEX IF NOT EXISTS "django_cron_cronjoblog_start_time_d68c0dd9" ON "django_cron_cronjoblog" ("start_time");
CREATE INDEX IF NOT EXISTS "django_cron_cronjoblog_end_time_7918602a" ON "django_cron_cronjoblog" ("end_time");
CREATE INDEX IF NOT EXISTS "django_cron_cronjoblog_ran_at_time_7fed2751" ON "django_cron_cronjoblog" ("ran_at_time");
CREATE INDEX IF NOT EXISTS "django_cron_cronjoblog_code_start_time_ran_at_time_8b50b8fa_idx" ON "django_cron_cronjoblog" ("code", "start_time", "ran_at_time");
CREATE INDEX IF NOT EXISTS "django_cron_cronjoblog_code_start_time_4fc78f9d_idx" ON "django_cron_cronjoblog" ("code", "start_time");
CREATE INDEX IF NOT EXISTS "django_cron_cronjoblog_code_is_success_ran_at_time_84da9606_idx" ON "django_cron_cronjoblog" ("code", "is_success", "ran_at_time");
CREATE TABLE IF NOT EXISTS "usuario_user" ("id" integer NOT NULL PRIMARY KEY AUTOINCREMENT, "password" varchar(128) NOT NULL, "last_login" datetime NULL, "is_superuser" bool NOT NULL, "username" varchar(150) NOT NULL UNIQUE, "is_staff" bool NOT NULL, "is_active" bool NOT NULL, "date_joined" datetime NOT NULL, "first_name" varchar(150) NULL, "last_name" varchar(150) NULL, "email" varchar(254) NOT NULL, "ni" bigint NULL UNIQUE, "usuario_inst" bool NOT NULL, "admin_proyecto" bool NOT NULL, "docente" bool NOT NULL, "institucion_id" bigint NULL REFERENCES "instituciones_institucion" ("id") DEFERRABLE INITIALLY DEFERRED);
INSERT INTO "usuario_user" VALUES(1,'pbkdf2_sha256$260000$kpxLouxVZKuPYeSRScSHaB$ZuKA4qYkUu9ZdD9FEnAGvSgzq3e36GeD4dFjzgD92IY=','2021-09-12 23:12:37.575291',1,'admin',1,1,'2021-09-03 00:10:59',NULL,NULL,'admin@gmail.com',NULL,0,1,0,NULL);
INSERT INTO "usuario_user" VALUES(2,'pbkdf2_sha256$260000$fTZR2ud2hdZwoCMzJz8CeE$BMfTur0ROnCtkaah022rGr4WKxlnOs0thUB7tASY1WQ=','2021-09-08 22:08:48.353400',0,'dgomezc10',0,1,'2021-09-03 00:19:56.648285','David','Gomez Correa','dgomezc10@eafit.edu.co',10001,0,0,1,2);
INSERT INTO "usuario_user" VALUES(3,'pbkdf2_sha256$260000$vhFIlhxGHFJ3KQVGhFQO2A$KR/TCBltlVkdUbEakx96xhdbPqG4hOvK4laV3APS82Q=','2021-09-06 22:49:42.537205',0,'smenesd',0,1,'2021-09-03 00:21:31.312825','samuel','meneses','smenesesd@eafit.edu.co',1000,0,0,1,1);
INSERT INTO "usuario_user" VALUES(9,'pbkdf2_sha256$260000$6RY2zaB9W2NoQrP1oXM5wu$ZNn0vxUQ9GFtwa4sFmf4XDQKwFj+oeFGSxax5TPxZHY=',NULL,0,'scorreah',0,1,'2021-09-12 23:13:36.723623','Simon','Correa','trabajo@gmail.com',100012,0,0,1,4);
CREATE UNIQUE INDEX "django_content_type_app_label_model_76bd3d3b_uniq" ON "django_content_type" ("app_label", "model");
CREATE UNIQUE INDEX "auth_group_permissions_group_id_permission_id_0cd325b0_uniq" ON "auth_group_permissions" ("group_id", "permission_id");
CREATE INDEX IF NOT EXISTS "auth_group_permissions_group_id_b120cbf9" ON "auth_group_permissions" ("group_id");
CREATE INDEX IF NOT EXISTS "auth_group_permissions_permission_id_84c5c92e" ON "auth_group_permissions" ("permission_id");
CREATE UNIQUE INDEX "auth_permission_content_type_id_codename_01ab375a_uniq" ON "auth_permission" ("content_type_id", "codename");
CREATE INDEX IF NOT EXISTS "auth_permission_content_type_id_2f476e4b" ON "auth_permission" ("content_type_id");
CREATE INDEX IF NOT EXISTS "django_session_expire_date_a5c62663" ON "django_session" ("expire_date");
CREATE UNIQUE INDEX "usuario_user_groups_user_id_group_id_1b0807de_uniq" ON "usuario_user_groups" ("user_id", "group_id");
CREATE INDEX IF NOT EXISTS "usuario_user_groups_user_id_1df7a96d" ON "usuario_user_groups" ("user_id");
CREATE INDEX IF NOT EXISTS "usuario_user_groups_group_id_e313e18d" ON "usuario_user_groups" ("group_id");
CREATE UNIQUE INDEX "usuario_user_user_permissions_user_id_permission_id_d74a6945_uniq" ON "usuario_user_user_permissions" ("user_id", "permission_id");
CREATE INDEX IF NOT EXISTS "usuario_user_user_permissions_user_id_bfc8eb29" ON "usuario_user_user_permissions" ("user_id");
CREATE INDEX IF NOT EXISTS "usuario_user_user_permissions_permission_id_fae57acd" ON "usuario_user_user_permissions" ("permission_id");
CREATE INDEX IF NOT EXISTS "django_admin_log_content_type_id_c4bce8eb" ON "django_admin_log" ("content_type_id");
CREATE INDEX IF NOT EXISTS "django_admin_log_user_id_c564eba6" ON "django_admin_log" ("user_id");
CREATE INDEX IF NOT EXISTS "usuario_user_institucion_id_45f6ac44" ON "usuario_user" ("institucion_id");
CREATE INDEX IF NOT EXISTS "aceite_registro_aceite_estudiante_id_f9c7fe77" ON "aceite_registro_aceite" ("estudiante_id");
CREATE INDEX IF NOT EXISTS "django_cron_cronjoblog_code_48865653" ON "django_cron_cronjoblog" ("code");
CREATE INDEX IF NOT EXISTS "django_cron_cronjoblog_start_time_d68c0dd9" ON "django_cron_cronjoblog" ("start_time");
CREATE INDEX IF NOT EXISTS "django_cron_cronjoblog_end_time_7918602a" ON "django_cron_cronjoblog" ("end_time");
CREATE INDEX IF NOT EXISTS "django_cron_cronjoblog_ran_at_time_7fed2751" ON "django_cron_cronjoblog" ("ran_at_time");
CREATE INDEX IF NOT EXISTS "django_cron_cronjoblog_code_start_time_ran_at_time_8b50b8fa_idx" ON "django_cron_cronjoblog" ("code", "start_time", "ran_at_time");
CREATE INDEX IF NOT EXISTS "django_cron_cronjoblog_code_start_time_4fc78f9d_idx" ON "django_cron_cronjoblog" ("code", "start_time");
CREATE INDEX IF NOT EXISTS "django_cron_cronjoblog_code_is_success_ran_at_time_84da9606_idx" ON "django_cron_cronjoblog" ("code", "is_success", "ran_at_time");
CREATE TABLE IF NOT EXISTS "usuario_user_groups" ("id" integer NOT NULL PRIMARY KEY AUTOINCREMENT, "user_id" bigint NOT NULL REFERENCES "usuario_user" ("id") DEFERRABLE INITIALLY DEFERRED, "group_id" integer NOT NULL REFERENCES "auth_group" ("id") DEFERRABLE INITIALLY DEFERRED);
INSERT INTO "usuario_user_groups" VALUES(1,2,1);
INSERT INTO "usuario_user_groups" VALUES(2,3,1);
INSERT INTO "usuario_user_groups" VALUES(6,9,1);
CREATE UNIQUE INDEX "django_content_type_app_label_model_76bd3d3b_uniq" ON "django_content_type" ("app_label", "model");
CREATE UNIQUE INDEX "auth_group_permissions_group_id_permission_id_0cd325b0_uniq" ON "auth_group_permissions" ("group_id", "permission_id");
CREATE INDEX IF NOT EXISTS "auth_group_permissions_group_id_b120cbf9" ON "auth_group_permissions" ("group_id");
CREATE INDEX IF NOT EXISTS "auth_group_permissions_permission_id_84c5c92e" ON "auth_group_permissions" ("permission_id");
CREATE UNIQUE INDEX "auth_permission_content_type_id_codename_01ab375a_uniq" ON "auth_permission" ("content_type_id", "codename");
CREATE INDEX IF NOT EXISTS "auth_permission_content_type_id_2f476e4b" ON "auth_permission" ("content_type_id");
CREATE INDEX IF NOT EXISTS "django_session_expire_date_a5c62663" ON "django_session" ("expire_date");
CREATE UNIQUE INDEX "usuario_user_groups_user_id_group_id_1b0807de_uniq" ON "usuario_user_groups" ("user_id", "group_id");
CREATE INDEX IF NOT EXISTS "usuario_user_groups_user_id_1df7a96d" ON "usuario_user_groups" ("user_id");
CREATE INDEX IF NOT EXISTS "usuario_user_groups_group_id_e313e18d" ON "usuario_user_groups" ("group_id");
CREATE UNIQUE INDEX "usuario_user_user_permissions_user_id_permission_id_d74a6945_uniq" ON "usuario_user_user_permissions" ("user_id", "permission_id");
CREATE INDEX IF NOT EXISTS "usuario_user_user_permissions_user_id_bfc8eb29" ON "usuario_user_user_permissions" ("user_id");
CREATE INDEX IF NOT EXISTS "usuario_user_user_permissions_permission_id_fae57acd" ON "usuario_user_user_permissions" ("permission_id");
CREATE INDEX IF NOT EXISTS "django_admin_log_content_type_id_c4bce8eb" ON "django_admin_log" ("content_type_id");
CREATE INDEX IF NOT EXISTS "django_admin_log_user_id_c564eba6" ON "django_admin_log" ("user_id");
CREATE INDEX IF NOT EXISTS "usuario_user_institucion_id_45f6ac44" ON "usuario_user" ("institucion_id");
CREATE INDEX IF NOT EXISTS "aceite_registro_aceite_estudiante_id_f9c7fe77" ON "aceite_registro_aceite" ("estudiante_id");
CREATE INDEX IF NOT EXISTS "django_cron_cronjoblog_code_48865653" ON "django_cron_cronjoblog" ("code");
CREATE INDEX IF NOT EXISTS "django_cron_cronjoblog_start_time_d68c0dd9" ON "django_cron_cronjoblog" ("start_time");
CREATE INDEX IF NOT EXISTS "django_cron_cronjoblog_end_time_7918602a" ON "django_cron_cronjoblog" ("end_time");
CREATE INDEX IF NOT EXISTS "django_cron_cronjoblog_ran_at_time_7fed2751" ON "django_cron_cronjoblog" ("ran_at_time");
CREATE INDEX IF NOT EXISTS "django_cron_cronjoblog_code_start_time_ran_at_time_8b50b8fa_idx" ON "django_cron_cronjoblog" ("code", "start_time", "ran_at_time");
CREATE INDEX IF NOT EXISTS "django_cron_cronjoblog_code_start_time_4fc78f9d_idx" ON "django_cron_cronjoblog" ("code", "start_time");
CREATE INDEX IF NOT EXISTS "django_cron_cronjoblog_code_is_success_ran_at_time_84da9606_idx" ON "django_cron_cronjoblog" ("code", "is_success", "ran_at_time");
CREATE TABLE IF NOT EXISTS "usuario_user_user_permissions" ("id" integer NOT NULL PRIMARY KEY AUTOINCREMENT, "user_id" bigint NOT NULL REFERENCES "usuario_user" ("id") DEFERRABLE INITIALLY DEFERRED, "permission_id" integer NOT NULL REFERENCES "auth_permission" ("id") DEFERRABLE INITIALLY DEFERRED);
CREATE UNIQUE INDEX "django_content_type_app_label_model_76bd3d3b_uniq" ON "django_content_type" ("app_label", "model");
CREATE UNIQUE INDEX "auth_group_permissions_group_id_permission_id_0cd325b0_uniq" ON "auth_group_permissions" ("group_id", "permission_id");
CREATE INDEX IF NOT EXISTS "auth_group_permissions_group_id_b120cbf9" ON "auth_group_permissions" ("group_id");
CREATE INDEX IF NOT EXISTS "auth_group_permissions_permission_id_84c5c92e" ON "auth_group_permissions" ("permission_id");
CREATE UNIQUE INDEX "auth_permission_content_type_id_codename_01ab375a_uniq" ON "auth_permission" ("content_type_id", "codename");
CREATE INDEX IF NOT EXISTS "auth_permission_content_type_id_2f476e4b" ON "auth_permission" ("content_type_id");
CREATE INDEX IF NOT EXISTS "django_session_expire_date_a5c62663" ON "django_session" ("expire_date");
CREATE UNIQUE INDEX "usuario_user_groups_user_id_group_id_1b0807de_uniq" ON "usuario_user_groups" ("user_id", "group_id");
CREATE INDEX IF NOT EXISTS "usuario_user_groups_user_id_1df7a96d" ON "usuario_user_groups" ("user_id");
CREATE INDEX IF NOT EXISTS "usuario_user_groups_group_id_e313e18d" ON "usuario_user_groups" ("group_id");
CREATE UNIQUE INDEX "usuario_user_user_permissions_user_id_permission_id_d74a6945_uniq" ON "usuario_user_user_permissions" ("user_id", "permission_id");
CREATE INDEX IF NOT EXISTS "usuario_user_user_permissions_user_id_bfc8eb29" ON "usuario_user_user_permissions" ("user_id");
CREATE INDEX IF NOT EXISTS "usuario_user_user_permissions_permission_id_fae57acd" ON "usuario_user_user_permissions" ("permission_id");
CREATE INDEX IF NOT EXISTS "django_admin_log_content_type_id_c4bce8eb" ON "django_admin_log" ("content_type_id");
CREATE INDEX IF NOT EXISTS "django_admin_log_user_id_c564eba6" ON "django_admin_log" ("user_id");
CREATE INDEX IF NOT EXISTS "usuario_user_institucion_id_45f6ac44" ON "usuario_user" ("institucion_id");
CREATE INDEX IF NOT EXISTS "aceite_registro_aceite_estudiante_id_f9c7fe77" ON "aceite_registro_aceite" ("estudiante_id");
CREATE INDEX IF NOT EXISTS "django_cron_cronjoblog_code_48865653" ON "django_cron_cronjoblog" ("code");
CREATE INDEX IF NOT EXISTS "django_cron_cronjoblog_start_time_d68c0dd9" ON "django_cron_cronjoblog" ("start_time");
CREATE INDEX IF NOT EXISTS "django_cron_cronjoblog_end_time_7918602a" ON "django_cron_cronjoblog" ("end_time");
CREATE INDEX IF NOT EXISTS "django_cron_cronjoblog_ran_at_time_7fed2751" ON "django_cron_cronjoblog" ("ran_at_time");
CREATE INDEX IF NOT EXISTS "django_cron_cronjoblog_code_start_time_ran_at_time_8b50b8fa_idx" ON "django_cron_cronjoblog" ("code", "start_time", "ran_at_time");
CREATE INDEX IF NOT EXISTS "django_cron_cronjoblog_code_start_time_4fc78f9d_idx" ON "django_cron_cronjoblog" ("code", "start_time");
CREATE INDEX IF NOT EXISTS "django_cron_cronjoblog_code_is_success_ran_at_time_84da9606_idx" ON "django_cron_cronjoblog" ("code", "is_success", "ran_at_time");
